,user_name,user_location,date,text,rating
0,Bot TUSCA 2022,Arena Tusca,2022-09-22 15:01:38+00:00,Faltam 51 dias para o inÃ­cio do TUSCA,
1,nanda,"Osasco, Brasil",2022-09-22 14:43:57+00:00,"Comprei um bucket do tusca, bom dia a todos ğŸ˜€ğŸ˜€ğŸ˜€",
2,ğ–Œğ–šğ– #13,,2022-09-22 14:18:00+00:00,"@liaclarkoficial o clipe de PQP! impecÃ¡vel mami, a referÃªncia ao papi Lula tudoooooo. tÃ´ com o Lia (pt. 1) na ponta da lÃ­ngua pro Tusca viu???? ğŸ¤©",
3,.dora.,,2022-09-22 13:29:27+00:00,o tusca daqui a pouco: https://t.co/0dW6QK8gf0,
4,Michele,"SÃ£o Paulo, Brasil",2022-09-22 13:24:33+00:00,"Toda hora sendo impactada com algo do Tusca... Deus, eu jÃ¡ tenho viagem prÃ© agendada pra esse fds",
5,Mello ğŸ‡¯ğŸ‡²ğŸ‘‘,,2022-09-22 08:34:43+00:00,RT @tuscaoficial: Artista indicada pro Grammy 2022? Temos! ğŸ’…ğŸ¼ Abram alas pra ela que vai chegar chegando a 700 por hora na 41Âª ediÃ§Ã£o da Tuâ€¦,
6,michel,"SÃ£o Paulo, Brasil",2022-09-22 03:18:32+00:00,vou pro tusca,
7,Overly Idealistic,"Barueri, Brasil",2022-09-22 02:02:00+00:00,"e se eu fosse pra tusca? serÃ¡ q ainda tenho essa energia?
nÃ£o",
8,Clive Bixby,Construindo o Mundo Novo,2022-09-22 01:45:37+00:00,"Meu cabelo estÃ¡ ficando grande num nÃ­vel que acho que logo menos vai parar de combinar comigo
Dito isso, devo 
a) SÃ³ cortar o cabelo
b) Pintar as pontas de amarelo perto do TUSCA e depois do TUSCA cortar as pontas fora",
9,mari,,2022-09-22 01:05:05+00:00,eu juro que vou tocar com a bateria em todos os jogos que eu puder no tusca ESTAREI MORTA mas vo tÃ¡ lÃ¡ marcando ponto,
10,Mineira rabugenta,"Campinas, Brasil",2022-09-22 01:04:47+00:00,@maaamanoel Tusca**** corretor fdp,
11,mateus moreira,,2022-09-22 00:53:00+00:00,alguÃ©m de sÃ£o josÃ© que vÃ¡ pro tusca pra me tirar uma dÃºvida ğŸ¤¨,
12,Anna Julia,"Botucatu, Brasil",2022-09-22 00:42:56+00:00,"Pqqqq fazer jurÃ­dicos e tusca no mesmo dia, que Ã³dio",
13,CarLaLa,Terra do Sono,2022-09-22 00:28:41+00:00,bateu uma tristeza aqui pois a final do Major Rio serÃ¡ no mesmo fim de semana da Tusca....,
14,Ana,,2022-09-22 00:28:41+00:00,Falta muito pro tusca?,
15,faber | agab,"Limeira, Brasil",2022-09-22 00:24:28+00:00,"Vendo tusca e bloquim no pix sem taxa

ğŸ”¥ğŸ”¥ğŸ”¥",
16,Ã©lief,"Patos de Minas, Brasil",2022-09-22 00:16:05+00:00,so queria arrumar um jeito de ir pro tusca saindo de uberlandia ou uberaba ğŸ¥º,
17,eduarda,,2022-09-21 23:40:54+00:00,tinha q ser os jacu do direito pra marcar os jogos no mesmo dia que o tusca quem vai nisso,
18,Maria CecÃ­lia,,2022-09-21 23:38:41+00:00,Gente vende ingresso pro tusca um dia sÃ³? Pelo amor de Deus tem gente chorando,
19,ba (esmÃª),,2022-09-21 23:34:55+00:00,nmrl que marcar o tusca e os jurÃ­dicos no mesmo feriado foi uma sacanagem absurda,
20,Mariana Keiko,"SÃ£o Paulo, Brasil",2022-09-21 23:22:56+00:00,"O tanto que me arrependi de nÃ£o ter ido ver glÃ³ria e Pitty semana passada nÃ£o tÃ¡ escrito, mas pelo menos decidi que prefiro ver um showzinho sÃ³ delas do que ir no tusca//estou falida",
21,sofia,,2022-09-21 23:08:27+00:00,esqueÃ§a tudo! mais fÃ¡cil comprar o fds do tusca,
22,amÃ© â“‚ï¸,"Leme, SP",2022-09-21 22:58:49+00:00,acho que vou no tusca,
23,â„ğ•–ğ•Ÿğ•’ğ•›ğ•’,,2022-09-21 22:53:01+00:00,Rick disse que eu posso ficar na casa dele. O Tusca Ã© mais real que nunca,
24,vinicu,,2022-09-21 22:48:41+00:00,"Se tudo der certo, TUSCA eu ganho trÃªs medalha, rugby, atletismo e polo aquÃ¡tico

Eu tÃ´ malucoo",
25,md,,2022-09-21 22:40:40+00:00,"eu quero: jia, luan city festival, tusca... mas a minha conta bancÃ¡ria nÃ£o Ã© a da virginia e eu sou mimada td q eu quero eu tenho q fazer SIM socorro",
26,yara,TÃ´ aqui â˜”,2022-09-21 22:32:05+00:00,achei mt lindinho o kit tusca da lic,
27,Karen ğŸŒ¸,,2022-09-21 22:16:55+00:00,"RT @felixvm_: na real msm, queria ir p tusca",
28,edy,"Indaiatuba, Brasil",2022-09-21 21:56:31+00:00,"@chernichencoca @xuaovitao VEM CÃ, BORA DE TUSCA",
29,ÊŸá´€á´œ,,2022-09-21 21:56:09+00:00,tusca ta o preÃ§o do lollapallooza maluco,
30,foFlora,,2022-09-21 21:52:08+00:00,O tusca vai ter que me aceitar de vermelho e azul,
31,Norte_S,,2022-09-21 21:49:51+00:00,"ceci me animou pro tusca e sei nem se vamo achar esse ingresso ğŸ¤•ğŸ¤•ğŸ¤• 
quem vamo?",
32,â„£â„¯â„¯ ã‹¡,019,2022-09-21 21:30:59+00:00,@pietratrrgg Amg se eu faturar o tanto q eu pretendo eu vou pra Bali isso simâ€¦ mane tusca,
33,pi,"SÃ£o Carlos, Brasil",2022-09-21 21:30:10+00:00,@VitDiotto kkkkkkkkkkkkkkkk e vamos de tusca,
34,Mika ğŸ©,,2022-09-21 21:28:08+00:00,"na real msm, queria ir p tusca",
35,Rafa Gomes,,2022-09-21 21:09:57+00:00,Tusca poderia divulgar o valor dos dias separadinho pra eu saber logo quanto serÃ¡ a facada,
36,â„ğ•–ğ•Ÿğ•’ğ•›ğ•’,,2022-09-21 21:03:11+00:00,quero tanto comprar o Tusca ğŸ¥¹,
37,sugar honey ice & tea,"Campinas, Brasil",2022-09-21 20:50:40+00:00,O negÃ³cio Ã© emagrecer pro TUSCA,
38,P.,,2022-09-21 20:15:26+00:00,"@TiagoMatheu Nossa, eu to vivendo sÃ³ pelo tusca esse semestre, as atraÃ§Ãµes estÃ£o o auge",
39,Mari?,"Itirapina, Brasil",2022-09-21 19:53:41+00:00,"Nem fodendo que vai ter PITTY no TUSCA, vou me matar e ir estando em outro plano.",
40,pompeu,"SÃ£o Carlos, Brasil",2022-09-21 19:19:53+00:00,@rafafel_ Caetano no Tusca? Quando? Vou.,
41,Aleh ğŸ‡¯ğŸ‡²,"Rio Grande do Sul, Brasil",2022-09-21 19:15:42+00:00,RT @tuscaoficial: Artista indicada pro Grammy 2022? Temos! ğŸ’…ğŸ¼ Abram alas pra ela que vai chegar chegando a 700 por hora na 41Âª ediÃ§Ã£o da Tuâ€¦,
42,ğ‘™ğ‘¢ğ‘‘,jacarei | sÃ£o carlos,2022-09-21 18:53:19+00:00,toda vez que eu entro por algum motivo no byma e vejo o ingresso do tusca meu dia melhora,
43,globinhoâ˜€ï¸ğŸŒ,petrocity,2022-09-21 18:23:57+00:00,Lula quer um tusca https://t.co/JpfbzXCek2,
44,Duarte,,2022-09-21 17:58:22+00:00,Eu fazendo a cabeÃ§a do Neville pra ir no Tusca ğŸ«¡,
45,LÃ©o,"SÃ£o Paulo, Brasil",2022-09-21 17:40:58+00:00,@caosdalau hahahaha mas to 100% vivo pra roles universitarios e vem tusca,
46,Crack Kent,,2022-09-21 17:36:02+00:00,Finalmente comprei o tusca,
47,jvp,016,2022-09-21 17:19:05+00:00,"@kalney_lopes EntÃ£o ney, o cara nÃ£o tÃ¡ ligado na minha carreira vitoriosa na europa, nunca jogou uma bebida pro alto no tusca kkkkkkkk",
48,EwertonğŸ‡¯ğŸ‡²,"Duque de Caxias, RJ",2022-09-21 17:18:46+00:00,"@tuscaoficial @Ludmilla Seria meu sonho, Tusca me convida aÃ­ ğŸ¥º",
49,gi trist,,2022-09-21 17:17:23+00:00,comprem meu pacote tusca pelo amor me ajuda,
50,nanda,"Osasco, Brasil",2022-09-21 17:10:08+00:00,Bom dos jurÃ­dicos ser em Araraquara pq Ã© pertinho para os meus amigos virem ver a Lud comigo no tusca ğŸ¥°ğŸ¥°ğŸ¥°,
51,ğ““ğ“®ğ“«ğ“¼ ğŸ©°,,2022-09-21 16:58:48+00:00,nunca vou ter o gostinho de mandar a federal tmnc no Tusca pq sÃ³ passo na USP se a porta estiver aberta e ngm me ver entrando,
52,amanda,,2022-09-21 16:49:59+00:00,RT @_Vitasso: off de roles universitÃ¡rios atÃ© o tusca,
53,Zikinha,Pineapple,2022-09-21 16:39:43+00:00,"@juju_jubizinha Calma, a f1 Ã© de manhÃ£ e vc pode f1 no tusca tbm",
54,Maria Panato,,2022-09-21 16:30:57+00:00,"@ruitter11 @dudacarrusca e vocÃªs reclamando do preÃ§o do tusca, odeio vcs",
55,mc paiva,,2022-09-21 16:17:00+00:00,sera que vÃ£o me matar se eu vender o ju pra ir@no tusca dnv,
56,Lorota,,2022-09-21 15:48:59+00:00,simplesmente ludmilla no tusca Ã© a Ãºnica coisa que vai me fazer feliz novamente obrigada deus pelos mimos pra essa pobre vagabunda aqui,
57,ğ•ğˆğ‚ğ“ğğ‘ ğ‡ğ”ğ†ğ,+5511,2022-09-21 15:46:54+00:00,off de roles universitÃ¡rios atÃ© o tusca,
58,DoiscÃ¡,,2022-09-21 15:42:53+00:00,"Eu juro que se eu sobreviver pÃ³s esse Tusca, eu estou pronta pra qualquer coisa, pq que surto coletivo vai ser show de tudo aquilo de gente FODA no TUSCA!",
59,lelÃª,"SÃ£o Paulo, Brasil",2022-09-21 15:38:27+00:00,tusca vai ser absurdo que issoooo,
60,oÊ‡Ä±ÊÉ”Ä±u â,,2022-09-21 15:16:40+00:00,@guerraluucas Gritar essa parte no Tusca no show da Pitty,
61,paula,,2022-09-21 15:01:46+00:00,Eu perdi todos os lados quando ouvi que as eleiÃ§Ãµes sÃ£o o tusca das ciencias sociais,
62,Bot TUSCA 2022,Arena Tusca,2022-09-21 15:01:31+00:00,Faltam 52 dias para o inÃ­cio do TUSCA,
63,Vit | DRUGOCHAMPğŸ‡¾ğŸ‡ª ğŸ ğŸ,"SÃ£o Carlos,SP,Brasil",2022-09-21 14:55:54+00:00,"que a lud cante pagode no tusca, amÃ©mmm",
64,Henrique da Swing ğŸª,,2022-09-21 14:52:50+00:00,Acontecia no Tusca e parou pq a galera morria acidentada todo ano https://t.co/0bPxUnLYZB,
65,DouglÃ£o,SÃ£o Paulo,2022-09-21 14:46:29+00:00,"@__ChaMath PAES
O
TUSCA
VAI
SER
FODA
PRA
CARALHOOOOOOOO",
66,Lanilda,"ItajubÃ¡, Brasil",2022-09-21 14:23:45+00:00,faÃ§am oraÃ§Ãµes p minha mÃ£e deixar eu comprar o tusca no cartÃ£o dela ğŸ™,
67,alecrim (in)tenso,"Monte Alto, Brasil",2022-09-21 14:05:38+00:00,inter eu acho bom vocÃª confirmar as atraÃ§Ãµes do tusca pra nois tbm seu fdp,
68,alecrim (in)tenso,"Monte Alto, Brasil",2022-09-21 14:05:05+00:00,"a vsf tusca ta confirmando todas as atraÃ§Ãµes do inter tbm caralho, atÃ© a ludmilla poha",
69,M-ly,,2022-09-21 13:33:42+00:00,"Ludmilla no Tusca mano, tÃ´ surtandooooooo",
70,.dora.,,2022-09-21 13:26:23+00:00,"@fka_pdro juro pedro, me chamaro p ir no tusca e eu: VAMO 
(nÃ£o tenho dinheiro p pagar, vou ter q vender trÃªs rins e eu sÃ³ tenho dois)",
71,Riquelme Santos,"SÃ£o Carlos, Brasil",2022-09-21 13:20:33+00:00,"@julindazz Tava querendo comprar meu pacote tusca ontem, mentirosa",
72,AJ,,2022-09-21 12:51:24+00:00,"Simplesmente sonhei que achei o amor da minha vida sabe como?????
Ele se apaixonou por mim pq levei uma barraca sinistra pro tusca",
73,Giovana,"Conchal, Brasil",2022-09-21 12:36:42+00:00,"Onde vou arrumar dinheiro pra tusca, fim de ano, carnaval, formatura scrr",
74,Pamphilo,"Americana, Brasil",2022-09-21 12:28:28+00:00,minha Ãºnica desculpa pra nÃ£o comprar ingresso do tusca Ã© porque to procurando alguÃ©m pra fechar cmg,
75,Rebeca,Brasil,2022-09-21 12:13:51+00:00,"e vou conseguir sair em novembro tambÃ©m, queria muito pegar a semana do tusca ğŸ™ƒ",
76,JÃ´ Silva ğŸ¤©ğŸ’¥,,2022-09-21 11:50:12+00:00,RT @tuscaoficial: Artista indicada pro Grammy 2022? Temos! ğŸ’…ğŸ¼ Abram alas pra ela que vai chegar chegando a 700 por hora na 41Âª ediÃ§Ã£o da Tuâ€¦,
77,bibi,,2022-09-21 11:32:17+00:00,"@mumarinho_ jÃ¡ comprei tusca kakak, mas vou comprar um dia de jurÃ­dicos",
78,vitor,Portugal,2022-09-21 11:25:34+00:00,se organizar direitinho da pra ter dois ludsession no tusca @Ludmilla @luisasonza @gloriagroove,
79,Juliana Bezerra,"MarÃ­lia, Brasil",2022-09-21 11:14:25+00:00,"queria ir no tusca, isso sim ğŸ« ",
80,vini Î¨,,2022-09-21 10:24:49+00:00,"Novembro tem tudo pra ser o melhor mÃªs nÃ©, twenty one pilots com the killers, tusca, copa do mundo
HAJA CORAÃ‡ÃƒO",
81,paulo custodio,em casa,2022-09-21 10:01:25+00:00,eh tusca vai ficar pro ano que vem msm,
82,VinÃ­cius Johne ğŸ‡¯ğŸ‡²,,2022-09-21 09:45:08+00:00,RT @tuscaoficial: Artista indicada pro Grammy 2022? Temos! ğŸ’…ğŸ¼ Abram alas pra ela que vai chegar chegando a 700 por hora na 41Âª ediÃ§Ã£o da Tuâ€¦,
83,Bruxinha.comğŸ”®ğŸ¦‚ğŸ¦€,,2022-09-21 09:28:33+00:00,"Se o exu do blues ou o ret for no tusca, eu vou comprar todos os dias e fodase, alÃ´ mÃ£e vamos comemorar nossos aniversÃ¡rios no tusca ğŸ«¶ğŸ½ğŸ˜",
84,PatrickğŸ–¤,,2022-09-21 06:58:46+00:00,"Caras.... Ludmilla no tusca. 

Eu falei ontem mesmo que eu queria muito ver um show dela. AAAAAAAA",
85,Mirela TinÃ³s,"SÃ£o Carlos, Brasil",2022-09-21 04:54:28+00:00,"Me dÃ¡ fobia de pensar no tanto de gente que vai ter no tusca, mas mano, Pitty, LuÃ­sa, Lud e GlÃ³ria me faz realmente querer ir. Mas e o medo de comprar e minhas crises sociais simplesmente nÃ£o me deixarem ir?",
86,mari,,2022-09-21 04:10:36+00:00,LUDMILLA NO TUSCA EU NAO TO ACREDITANDO,
87,TIC TAC ğŸ‡¯ğŸ‡² dia 30,"Recife, Brasil",2022-09-21 04:07:30+00:00,RT @tuscaoficial: Artista indicada pro Grammy 2022? Temos! ğŸ’…ğŸ¼ Abram alas pra ela que vai chegar chegando a 700 por hora na 41Âª ediÃ§Ã£o da Tuâ€¦,
88,tic tac 30/09ğŸ‡¯ğŸ‡²,027,2022-09-21 03:55:03+00:00,RT @tuscaoficial: Artista indicada pro Grammy 2022? Temos! ğŸ’…ğŸ¼ Abram alas pra ela que vai chegar chegando a 700 por hora na 41Âª ediÃ§Ã£o da Tuâ€¦,
89,mvl,,2022-09-21 03:21:55+00:00,"Minha irmÃ£ pegou uma casa de milhÃµes pro tusca (literalmente de milhÃµes pq o preÃ§o tÃ¡ Exorbitante). E jÃ¡ estÃ£o querendo fazer churas na beira da pisciana da casa. 

Mano eu tÃ´ vivendo pra isso, sÃ©rio",
90,gadinha do choque de cultura,,2022-09-21 03:20:17+00:00,SE NÃƒO TIVER LUDSESSION NO TUSCA COM GG EU VOU FICAR PISTOLA,
91,Bru,"Campinas, Brasil",2022-09-21 03:16:45+00:00,"TÃ´ procurando os primeiros lotes do tusca q nem os incas faziam, no evento no Facebook",
92,PrideLD ğŸ‡¯ğŸ‡² 30/09,,2022-09-21 03:14:30+00:00,RT @tuscaoficial: Artista indicada pro Grammy 2022? Temos! ğŸ’…ğŸ¼ Abram alas pra ela que vai chegar chegando a 700 por hora na 41Âª ediÃ§Ã£o da Tuâ€¦,
93,DANADOS DA LUDMILLA ğŸ‡¯ğŸ‡²,"SÃ£o Paulo, Brasil",2022-09-21 03:06:51+00:00,RT @tuscaoficial: Artista indicada pro Grammy 2022? Temos! ğŸ’…ğŸ¼ Abram alas pra ela que vai chegar chegando a 700 por hora na 41Âª ediÃ§Ã£o da Tuâ€¦,
94,Cari Oca â­ğŸš©,,2022-09-21 02:37:16+00:00,"Bate uma bad vÃª o TUSCA chegando e saber q n vou.
Eu amo toda a atmosfera. A semana prÃ©, arrumar mala, mil canecas, Os Ã´nibus, o busÃ£o da Carioca. O ""Essa noite eu tive um sonho"". A tenda e sua lama. A festa noturna e sua mÃ¡gica. As amizades feitas
Triste ser pobre
@tuscaoficial",
95,LUDQUEEN ğŸ‡¯ğŸ‡²,Numanice,2022-09-21 02:35:17+00:00,RT @tuscaoficial: Artista indicada pro Grammy 2022? Temos! ğŸ’…ğŸ¼ Abram alas pra ela que vai chegar chegando a 700 por hora na 41Âª ediÃ§Ã£o da Tuâ€¦,
96,Aline Naomi,SÃ£o Paulo - Brasil,2022-09-21 02:31:31+00:00,"pensando em vender o tusca pq a cada novidade que sai do evento eu fico ""hmmm tÃ¡""",
97,twiiitter,crazy if end sp,2022-09-21 02:31:19+00:00,vontade de ir no tusca pela Ãºltima vez mas cada dia com menos coragem de gastar tanto dinheiro com um role que talvez nem valha tanto a pena assim,
98,Lucax (sotaque de recife),"Recife, Brazil",2022-09-21 02:08:44+00:00,"Eu sou TO de uma crianÃ§a, e ele tbm tem atendimentos com a TO de IS. Dia de hoje ele nÃ£o fica comigo, e ficou a sessÃ£o toda com outra terapeuta solicitando no PECS o â€œtio tusca!â€",
99,bolteco,,2022-09-21 02:04:52+00:00,@Leo_Agnelo mano juro tÃ´ achando as atraÃ§Ãµes do tusca meio paia,
100,ğ™¥ğ™š,limeiracity,2022-09-21 01:58:24+00:00,se eu fala p minha mae do tusca acho q ela mesmo me bota no serasa,
101,Lele,,2022-09-21 10:21:11+00:00,"Vendo pacote do Tusca por 500 reais!! 

(AlguÃ©m compra esse trem por favorrrr, eu tenho prova na semana)",
102,VinÃ­cius Johne ğŸ¤™ğŸ¼,,2022-09-21 09:45:08+00:00,RT @tuscaoficial: Artista indicada pro Grammy 2022? Temos! ğŸ’…ğŸ¼ Abram alas pra ela que vai chegar chegando a 700 por hora na 41Âª ediÃ§Ã£o da Tuâ€¦,
103,ta se achando popstar,"Recife, Brasil",2022-09-21 04:07:30+00:00,RT @tuscaoficial: Artista indicada pro Grammy 2022? Temos! ğŸ’…ğŸ¼ Abram alas pra ela que vai chegar chegando a 700 por hora na 41Âª ediÃ§Ã£o da Tuâ€¦,
104,tic tac 30/09,027,2022-09-21 03:55:03+00:00,RT @tuscaoficial: Artista indicada pro Grammy 2022? Temos! ğŸ’…ğŸ¼ Abram alas pra ela que vai chegar chegando a 700 por hora na 41Âª ediÃ§Ã£o da Tuâ€¦,
105,PrideLD â€¢ Tic Tac 30/09 ğŸ‘‘ğŸ³ï¸â€ğŸŒˆ,,2022-09-21 03:14:30+00:00,RT @tuscaoficial: Artista indicada pro Grammy 2022? Temos! ğŸ’…ğŸ¼ Abram alas pra ela que vai chegar chegando a 700 por hora na 41Âª ediÃ§Ã£o da Tuâ€¦,
106,DANADOS DA LUDMILLA ğŸğŸ‘‘,"SÃ£o Paulo, Brasil",2022-09-21 03:06:51+00:00,RT @tuscaoficial: Artista indicada pro Grammy 2022? Temos! ğŸ’…ğŸ¼ Abram alas pra ela que vai chegar chegando a 700 por hora na 41Âª ediÃ§Ã£o da Tuâ€¦,
107,LUDQUEEN ğŸ’œğŸ¤™ğŸ¾ğŸ‡¯ğŸ‡²,Numanice,2022-09-21 02:35:17+00:00,RT @tuscaoficial: Artista indicada pro Grammy 2022? Temos! ğŸ’…ğŸ¼ Abram alas pra ela que vai chegar chegando a 700 por hora na 41Âª ediÃ§Ã£o da Tuâ€¦,
108,LÃ©o,"SÃ£o Paulo, Brasil",2022-09-21 01:35:23+00:00,"nossa a tusca ta repetindo bastante artista de 2019 e do cia ne, queria uns artistas novos tb",
109,bibi,,2022-09-21 01:33:21+00:00,serÃ¡ que vem ai um dia no tusca um dia no jurÃ­dicos,
110,Caio Bruno,"Ibirama, Brasil",2022-09-21 01:30:15+00:00,Acho que nunca falei a palavra tusca tantas vezes em 5 min,
111,corinthiANA ğŸ¦…ğŸ‡µğŸ‡¹,"SÃ£o Carlos, Brasil",2022-09-21 01:18:32+00:00,Matheus e Kauan no tusca e simplesmente 550 conto ğŸ¤¡,
112,Isis Messias ğŸ’«,,2022-09-21 01:12:17+00:00,A ludmilla vem no tusca meu Deus do cÃ©u eu tÃ´ a um clique de fazer algo,
113,Leo âœ¨,"Campinas, Brasil",2022-09-21 01:06:48+00:00,"LuÃ­sa Sonza, GlÃ³ria Groove e Ludimilla no mesmo role. Esse Tusca vai ser bom demaaaaais",
114,Milton Neves,,2022-09-21 00:56:34+00:00,Num tÃ´ guentando mais tanto artista pop no Tusca,
115,guilherme,"SÃ£o Paulo, Brasil",2022-09-21 00:56:28+00:00,nem acredito que vou no tusca e vai ter ludmilla e kvsh,
116,Carolina da linguÃ­stica,,2022-09-21 00:48:37+00:00,eu sÃ³ queria TANTO o kit tusca ğŸ¥²,
117,Aninha (13),,2022-09-21 00:47:01+00:00,Ãšnica atraÃ§Ã£o q tÃ¡ realmente valendo a pena no tusca Ã© a rainha Lud,
118,wil,sp,2022-09-21 00:42:53+00:00,RT @BotTusca: Faltam 53 dias para o inÃ­cio do TUSCA,
119,Jade,,2022-09-21 00:33:23+00:00,"Queria ir nos jogos jurÃ­dicos, mas vai ser na mesma data que a tusca ğŸ˜•",
120,Line ğŸ‡§ğŸ‡·âš«,"Campinas, Brasil",2022-09-21 00:32:21+00:00,"SÃ³ queria dizer que atÃ© agora o TUSCA nÃ£o trouxe 1 atraÃ§Ã£o que eu nÃ£o goste, OBRIGADA TUSCA",
121,ğ•´ğ–—ğ–”ğ–’ğ•¸ğ–†ğ–“,"Franca, Brasil",2022-09-21 00:23:40+00:00,sera q o tusca vai soltar alguma atraÃ§Ã£o boa?,
122,Dr. Giuseppe Cadura,,2022-09-21 00:03:20+00:00,Eu n tÃ´ preparado pra ficar com Diego e beatriz em casa no tusca KKKKKK,
123,VICTOR,"Sao Paulo, Brazil",2022-09-21 00:02:04+00:00,o tusca tÃ¡ 670 reais mds o que Ã© isso? um filme?,
124,Elvinho,,2022-09-20 23:53:30+00:00,"Acho que sÃ³ eu que nÃ£o ouviu o ""Numanaice"" da Ludmila... 
AtÃ© o Tusca tem tempo!",
125,vina,SÃ£o Carlos - SP,2022-09-20 23:41:31+00:00,"somente atraÃ§Ã£o cansada no tusca hein, vou um dia nisso ai e olhe la",
126,ghi,,2022-09-20 23:40:13+00:00,"comprei o kit tusca e to o que? falida.

e falta comprar a bag ainda q Ã³dio",
127,Weslei,MatÃ£o,2022-09-20 23:33:18+00:00,Pensando seriamente em vender meu pacote do tusca,
128,Wesley,"Indaiatuba, Brasil",2022-09-20 23:28:54+00:00,Tusca podia liberar essa programaÃ§Ã£o nÃ©!? Pq eu tenho quase certeza que trabalho na segunda-feira ğŸ˜¡,
129,bÃ¡rbara,,2022-09-20 23:25:35+00:00,"queria ir na tusca vÃ©i, vai ter luisa e ludmilla que Ã³dio",
130,Guilherme Sousa,"Santa Isabel, Brasil",2022-09-20 23:22:45+00:00,RT @tuscaoficial: Artista indicada pro Grammy 2022? Temos! ğŸ’…ğŸ¼ Abram alas pra ela que vai chegar chegando a 700 por hora na 41Âª ediÃ§Ã£o da Tuâ€¦,
131,NatÃ¡lia,,2022-09-20 23:14:25+00:00,"Quase convencendo meu amigo Borges a sossegar, daÃ­ tusca me anuncia @Ludmilla 
Falhei! Hahaha",
132,morgs,jaguariÃºna ,2022-09-20 23:11:18+00:00,"tusca nao ta querendo q eu vÃ¡, n eh possivel",
133,IndiÃ£o ğŸ¹,"Campinas, Brasil",2022-09-20 23:10:03+00:00,"@curtti_ Ja pensou, um numanice no tusca? Regado ah mta lama e bebida duvidosaâ€¦.. iriamos ser extremamente felizes kkkkkk",
134,Vinicius,,2022-09-20 23:05:27+00:00,"Vai ter ludmilla no tusca, tÃ´ sÃ³ p cantar maldivas mamadasso",
135,bolteco,,2022-09-20 23:02:49+00:00,o tusca tÃ¡ mtt mais fraco q o liu e o inter ou eu to maluco?,
136,gaz toxico,piracicaba/sp ,2022-09-20 22:55:57+00:00,"Ludmilla no tusca, esse Ã© o Tweet",
137,Dr. Giuseppe Cadura,,2022-09-20 22:55:54+00:00,12 atraÃ§Ãµes no tusca e eu tenho ctz q lembrarei de no mÃ¡ximo 3,
138,edu,"Palmas, Brazil",2022-09-20 22:55:19+00:00,"Djonga e Ludmilla no tusca, pqp, Djah eh maisğŸ¥µâ¤ï¸",
139,Tih ğŸ‚,"PaulÃ­nia, Brasil",2022-09-20 22:53:20+00:00,"Ludmilla confirmada no tusca pois eu vou, nem q meu nome pare no serasa",
140,mari,,2022-09-20 22:50:09+00:00,meu deus esse pacote tusca foi o dinheiro mais bem gasto da minha vida,
141,kova,cwb,2022-09-20 22:49:38+00:00,"louco como a vida muda em 1 ano. Em 2021 tava desempregado e depressivo. Hoje sou lÃ­der do projeto Muvuca, ajudo na comunicaÃ§Ã£o da Tusca, um dos maiores eventos do Brasil, ajudo nos outros eventos da firma. AlÃ©m de somar na prod da 4x4 e baguncinha, fazendo freela de mÃºsica",
142,ğ”ğ”²ğ”©ğ”¦ğ”,mg/sp,2022-09-20 22:45:01+00:00,LUDMILLA NO TUSCA EU NUNCA FUI TRISTE,
143,Tufos,"Divicity,Mg",2022-09-20 22:44:55+00:00,e o tusca la vai so melhorando,
144,IndiÃ£o ğŸ¹,"Campinas, Brasil",2022-09-20 22:42:49+00:00,Porra se a ludmila cantar so pagode no tusca vai ser bom para Caralho,
145,CapitÃ£o Baixo Fluxo,onde a inveja nÃ£o tem vez ,2022-09-20 22:42:38+00:00,Caralho ludmilla no tusca..... eu precisava tanto ir nesse tusca,
146,Bolis,Sao Carlos,2022-09-20 22:41:18+00:00,sou MUITO feliz de ir no tusca esse ano,
147,Vangs,"SÃ£o Paulo, Brasil",2022-09-20 22:38:22+00:00,"@lemrighetto TUSCA tÃ¡ prometendo muito, espero q entregue",
148,Plabo #13,"Sorocaba, Brasil",2022-09-20 22:37:45+00:00,"Deus, jÃ¡ te pedi muitas coisas
mas vou pedir mais uma
permita que eu vÃ¡ no TUSCA esse ano ğŸ™ğŸ½",
149,buxudinha universitÃ¡ria,,2022-09-20 22:34:22+00:00,MEU DEUS LUDMILLA NO TUSCA NUNCA FUI TRISYEEEEEE,
150,Ava 2 UFSCar,"SÃ£o Carlos, Brasil",2022-09-20 22:32:50+00:00,@maluedwards qndo vao anunciar taylor no tusca malu???? https://t.co/QHfmSOVWUX,
151,xoyce,"Dourados, Brasil",2022-09-20 22:29:19+00:00,@nati_irala 37 anos casada com filha querendo ir em tusca vai economizar comprar leite que tÃ¡ caro viu,
152,Office bio,,2022-09-20 22:28:59+00:00,Mds q vontade de ir na tusca,
153,milena â„—,SÃ£o Carlos,2022-09-20 22:28:38+00:00,tÃ´ ficando puta com o inter q lanÃ§ou 4 atraÃ§Ãµes enquanto o tusca acaba de lanÃ§ar a atraÃ§Ã£o de nÃºmero DOZE sendo todas fortes,
154,lorena,,2022-09-20 22:26:15+00:00,meu deus confirmaram a ludmila no tusca vo passa mal,
155,Vique,fundo do poÃ§o,2022-09-20 22:25:36+00:00,Pelo menos vai ter Ludmila no tusca,
156,toninho rodrigues,ele/dele,2022-09-20 22:23:01+00:00,espero estar assim no tusca https://t.co/kx6BzFLOCC,
157,nico â˜­,"Santos, Brasil",2022-09-20 22:17:03+00:00,o que eu vou chorar vendo o numanice ao vivo no tusca vai ser brincadeira!!!!!!,
158,nicolas ğŸ‡»ğŸ‡ª,"Goiania, Brasil",2022-09-20 22:17:00+00:00,vsf interlagos vai ser em feriado dnv ano q vem e provavelmente vai ter o tusca ou o bife na msm data,
159,thais magalir,"Barra Bonita, Brasil",2022-09-20 22:16:27+00:00,mano o tusca tÃ¡ arrasando nas atraÃ§Ãµes tmnc,
160,Nalaura ğŸ³ï¸â€ğŸŒˆ,"SÃ£o Paulo, Brasil",2022-09-20 22:14:53+00:00,"LUDMILLA NO TUSCA, ESQUEÃ‡AAAA!!!
(Desculpa Inter, eu te amo mesmo assim)",
161,Ava 2 UFSCar,"SÃ£o Carlos, Brasil",2022-09-20 22:13:58+00:00,Kjkkkkkkkkkk ate o tusca ta melhor https://t.co/q96it18H6i,
162,virto sempre cansado,,2022-09-20 22:09:21+00:00,ies entregando mais artistas de qualidade do que tusca https://t.co/dHtFSoCM9b,
163,ğŸ¦„ğŸ‘¸ğŸ½,,2022-09-20 22:08:49+00:00,RT @tuscaoficial: Artista indicada pro Grammy 2022? Temos! ğŸ’…ğŸ¼ Abram alas pra ela que vai chegar chegando a 700 por hora na 41Âª ediÃ§Ã£o da Tuâ€¦,
164,amanda,ğŸ³ï¸â€ğŸŒˆ â€¢ ela/dela,2022-09-20 22:05:41+00:00,RT @marirb_: Lud no tusca foi tudo o que eu pedi,
165,joi,gba-sÃ£o carlos,2022-09-20 22:04:31+00:00,ludmilla no tusca eu nunca fui tristeeee,
166,As Arvres Samo Nozes,"SÃ£o Caetano do Sul, Brasil",2022-09-20 22:01:18+00:00,Ludmila no tusca era a notÃ­cia que eu precisava,
167,murilo,"SÃ£o Carlos, Brasil",2022-09-20 22:01:14+00:00,Queria ter amigos pra ir pro tusca hj,
168,Vitt Scolari,"Foz do IguaÃ§u, Brasil",2022-09-20 22:00:34+00:00,E se eu meter o loko e for pro tusca?,
169,Muriss,,2022-09-20 21:58:02+00:00,ai tusca ludmilla NAO,
170,Dollynho reclama da atlÃ©tica,,2022-09-20 21:58:01+00:00,"Olha, eu nÃ£o quero mais reclamar do tusca, todo dia uma merda, sÃ³ gostei das roupinhas, de resto podia melhorar",
171,LÃ‰O,LADY LESTE,2022-09-20 21:57:57+00:00,"Mano, Gloria e ludmilla no Tusca, eu preciso ir ğŸ˜­",
172,lidi,,2022-09-20 21:06:24+00:00,RT @thasanada: Compro 2 ingressos TUSCA,
173,juju (sidok),sÃ£o paulo,2022-09-20 21:06:18+00:00,RT @thasanada: Compro 2 ingressos TUSCA,
174,Doctor,"SÃ£o Carlos, Brasil",2022-09-20 20:59:04+00:00,RT @BotTusca: Faltam 53 dias para o inÃ­cio do TUSCA,
175,mÌ‘ÌˆÈƒÌˆtÌ‘ÌˆhÌ‘ÌˆÈ‡ÌˆÈ—ÌˆsÌ‘Ìˆ,Brasil,2022-09-20 20:40:26+00:00,eu pensando em me aposentar de role universitÃ¡rio e o rafa querendo me dar ingresso pro tusca ğŸ˜ªğŸ˜ª,
176,maju,,2022-09-20 20:38:36+00:00,@Ludmilla vem pro tusca kingaaaaaaaaaaa,
177,xerife malu,,2022-09-20 20:34:52+00:00,RT @BotTusca: Faltam 53 dias para o inÃ­cio do TUSCA,
178,Pedro Henrique Rocha,Lorena SP,2022-09-20 20:31:04+00:00,Um vintage no tusca e n peÃ§o mais nada,
179,THAYNÃ,"SÃ£o Paulo, Brasil",2022-09-20 20:27:41+00:00,Compro 2 ingressos TUSCA,
180,patrick,ğŸ—£,2022-09-20 20:24:45+00:00,Vai ter eu no tusca ğŸ˜³,
181,larissa emocionada,,2022-09-20 20:23:36+00:00,"meu deus tusca, farofada, arena
e 0 reais na minha conta",
182,pafu,,2022-09-20 20:22:06+00:00,@gurgeI bem no tusca,
183,maLULA,,2022-09-20 20:12:03+00:00,@mrqst aaaaaaaaaaaaah!!! entÃ£o dÃ¡ tempo de ver vc quando eu for pro tusca,
184,Nisnoopy,"SÃ£o Paulo, Brasil",2022-09-20 19:59:09+00:00,"@_amandaevan Ã‰ isso! A gente ta cuidando da cabeÃ§a! Mas se vcs vieram pro Tusca ou a festa da Yes, nossa casa tÃ¡ aberta! Muito obrigada pelo carinho e amor de sempre, a gente ama vcs e quer vcs junto aqui tbm",
185,patinho inseguro,"SertÃ£ozinho, Brasil",2022-09-20 19:56:12+00:00,@rdinizi Se for no tusca eu indefiro sua matrÃ­cula na hora ğŸ¥º,
186,carolina âœ¨,she/her              pt-br/eng,2022-09-20 19:47:55+00:00,@KarineOdaliska vendo meu tusca inteira no valor de 1Â° lote,
187,carolina âœ¨,she/her              pt-br/eng,2022-09-20 19:45:42+00:00,@GabrielDuaarte compra minha inteira no valor de 1Â° lote do tusca,
188,carolina âœ¨,she/her              pt-br/eng,2022-09-20 19:44:46+00:00,@duda_guidoo vendo meu tusca no valor de 1Â° lote,
189,anA,playlist da semana ğŸ˜“ğŸ‰ğŸ˜‹ğŸ’€ğŸ‘‡,2022-09-20 19:40:49+00:00,ja confirmaram todo mundo q vem no tusca ou ainda nao??,
190,carolina âœ¨,she/her              pt-br/eng,2022-09-20 19:40:33+00:00,@gabidias___ te vendo meu tusca kkk,
191,Milena 13,"BrasÃ­lia, Brasil",2022-09-20 19:33:42+00:00,Eu tÃ´ mto animada pra ver o tusca desse ano https://t.co/ZQ1RRlgXJy,
192,Tusca,SÃ£o Carlos,2022-09-20 19:21:54+00:00,RT @BotTusca: Faltam 53 dias para o inÃ­cio do TUSCA,
193,gabi,"Botucatu, Brasil",2022-09-20 18:44:30+00:00,alguÃ©m compra meu inter pra eu ir no tusca,
194,â€¢VitÃ³riaâ€¢,,2022-09-20 18:39:09+00:00,@DudaCastellen mas no Tusca oficial quem sabe kkkkkkk,
195,isağŸª©,,2022-09-20 18:37:24+00:00,nÃ£o Ã© possÃ­vel tanta gente vendendo tusca,
196,Quedinha,,2022-09-20 18:25:23+00:00,"RT @spottedunespb: """"rpzd fica nessa de reclamar de atraÃ§Ã£o no inter mas o msm nunca foi sobre atraÃ§Ãµes, e sim uma Ã©poca do ano pra vc conhâ€¦",
197,beretta ğŸ—,americana - sp,2022-09-20 17:29:45+00:00,RT @BotTusca: Faltam 53 dias para o inÃ­cio do TUSCA,
198,Ö´Ö¶Ö¸ğš•ğšğšŒğšŠğšœ,,2022-09-20 17:06:34+00:00,@plsarctic_ vai nd vamo no little tusca,
199,ZÃ© Paulo,SÃ£o Paulo,2022-09-20 16:35:08+00:00,"@Julio_Madella BIFE ou Tusca com certeza. Os dois caÃ­rem na mesma data me deixou puto, mas fazer o que nÃ© kkkkk",
200,Madellinha de Quebrinha ğŸ’™ğŸ§¡,"GrajaÃº, SÃ£o Paulo",2022-09-20 16:33:42+00:00,"@jpmendesg Minha dÃºvida Ã©: JurÃ­dicos, BIFE ou Tusca",
201,Vini Piunti ğŸ“¯,,2022-09-20 16:19:59+00:00,"Comprei o Tusca, fodasse",
202,g de guapo,makeout creek,2022-09-20 16:16:58+00:00,a farofa da gkay Ã© o tusca dos famosos?,
203,kibe,,2022-09-20 15:48:03+00:00,@mar1fonseca A maior atraÃ§Ã£o do tusca sendo confirmada,
204,ğ–’ ğ–† ğ–— ğ–,sÃ£o carlos sp,2022-09-20 15:43:00+00:00,"atenÃ§Ã£o acabou de ser confirmado:

estarei de fÃ©rias no Tusca ğŸ‰ğŸ‰ğŸ‰ğŸ‰",
205,Battoman,"Limeira, Brasil",2022-09-20 15:38:48+00:00,"Tusca por favor, eu sÃ³ queria o Neelix no eletrÃ´nico da tusca",
206,Leone Alexandre - Chapa,"SÃ£o Carlos, Brasil",2022-09-20 15:35:18+00:00,@ugieri_ @air_balao Fica pegado ir em 3 dias de rolÃª por dois caras(atÃ© jÃ¡ fui kkk). Tusca tÃ¡ com lineup melhor,
207,craque beto,Campinas â†”ï¸ Bauru,2022-09-20 15:34:00+00:00,"Silenciando as palavras: inter, atraÃ§Ã£o, tusca",
208,Bot TUSCA 2022,Arena Tusca,2022-09-20 15:01:26+00:00,Faltam 53 dias para o inÃ­cio do TUSCA,
209,biltre,"SÃ£o Paulo, Brasil",2022-09-20 14:57:28+00:00,Aiii q jÃ¡ comprei atÃ© meu kit tusca,
210,pedro matos,"GoiÃ¢nia, Brasil",2022-09-20 14:56:42+00:00,RT @bealabre: Fodasse tudo eu vou pro tusca,
211,alpinista de formigueiro,,2022-09-20 14:56:07+00:00,Fodasse tudo eu vou pro tusca,
212,mundinho bruna g,,2022-09-20 14:49:00+00:00,"quando nao Ã© a larissa surtada pra vender ingresso do tusca, Ã© a mariana
eu vou infartar desse jeito NAO DÃ",
213,Binho,"SÃ£o Paulo, Brasil",2022-09-20 14:31:29+00:00,@an1njupiter esse ano sÃ³ o TUSCA em SÃ£o Carlos,
214,jo,,2022-09-20 14:28:11+00:00,Dois meses pro tusca e comeÃ§ou o desespero pra ficar gostosa,
215,sugar honey ice & tea,"Campinas, Brasil",2022-09-20 14:25:03+00:00,"Vieram me comparar TUSCA com Rock in Rio... irmao, duas coisas diferfentes, 600 reais o tusca mas Ã© OPEN BAR. RIR - QUINZE PAU a cerveja e Ã© um dia. Claro, os shows sao fodas e o evento eh fodido nem se compara, sÃ£o coisas diferentes, mas em questao de pagar x beber tusca &gt;&gt;&gt;&gt;",
216,Matheus,"SÃ£o Carlos, Brasil",2022-09-20 14:09:40+00:00,e se o tusca trocar a luisa sonza pela ludmilla,
217,Habib ui ğŸ«°ğŸ½,"RibeirÃ£o Preto, Brasil",2022-09-20 13:56:30+00:00,RT @alguemdeeq: Kit tusca do caaso ficou tÃ£o feio q atÃ© apagaram a publicaÃ§Ã£o,
218,â˜­ karmonha ğŸ†™80,SÃ£o Carlos X Bauru,2022-09-20 13:53:00+00:00,"Enfim fechando o Twitter pq eu nao tenho 400 reais, mto menos vou no Inter pra curtir atraÃ§Ã£o, mto menos ainda vou no Tusca, quem gosta de torcer parabÃ©ns, quem nao gosta bate palma, o Inter Ã© sim sobre jogos mas infelizmente vivemos nesse mundinho capitalismo BR e vcs sabem",
219,bu.,aqui,2022-09-20 13:52:55+00:00,deviam cancelar a participaÃ§Ã£o dessa sem talento no tusca https://t.co/cYaXwPqg5g,
220,alguÃ©m,"Santo AndrÃ©, Brasil",2022-09-20 13:51:57+00:00,Simplesmente acabei de comprar a fantasia que vai PARAR o Tusca,
221,andisu,"SÃ£o Paulo, Brasil",2022-09-20 13:48:18+00:00,o kit do tusca pride ta simplesmente tudo pqp to ansioso d+++,
222,serlovo,,2022-09-20 13:40:30+00:00,"@xapralaj kkkkkk ja me prevenindo de qualquer ataque nÃ© 
galera tratando como se viesse um liam gallagher no tusca",
223,simon23,SÃ£o Carlos ,2022-09-20 13:25:40+00:00,"Caralho como eu to feliz de ver o pessoal curtindo e comprando o nosso kit tusca... compensa todo o trampo que deu nas Ãºltimas semanas, pqp",
224,Elvinho,,2022-09-20 13:24:16+00:00,Achei feio esse kit tusca da federal ein... saudades anos anteriores,
225,Battoman,"Limeira, Brasil",2022-09-20 13:12:36+00:00,Kit tusca do caaso ficou tÃ£o feio q atÃ© apagaram a publicaÃ§Ã£o,
226,Matheus,,2022-09-20 12:35:15+00:00,"Revisitei as mÃºsicas da pitty ontem pro tusca e krl tinha me esquecido como sÃ£o boa de maisss, passarei a semana fritando elas tds",
227,Furlanetto014,,2022-09-20 12:27:08+00:00,"Papo q o tusca jÃ¡ Ã© realidade, eu nunca fui triste",
228,Rodrigo Dantas,,2022-09-20 12:16:59+00:00,E os amigos que eu quero confirmando presenÃ§a no Tusca comigo. IRRAAAAAAAAA,
229,luaz,"Osasco, Brasil",2022-09-20 12:09:47+00:00,basta algo estar escrito tusca que leva meu dinheiro,
230,isa.,,2022-09-20 11:27:40+00:00,"Queria comprar o kit todo do tusca, esse Ã© o Tweet",
231,BERGMANN ğŸ‡©ğŸ‡ª,SÃ£o Paulo,2022-09-20 10:27:44+00:00,Tusca demorando pra soltar os horÃ¡rios ğŸ—£ğŸ¤¦ğŸ»,
232,surtadinha,,2022-09-20 05:36:52+00:00,"Acabei de desbloquear minha personalidade que gosta de sertanejo

SerÃ¡ se ela se mantÃ©m daqui atÃ© a TUSCA e decora as mÃºsicas do Matheus e Kauan????",
233,Spotted Unesp Bauru,Bauru,2022-09-20 03:35:45+00:00,"""""rpzd fica nessa de reclamar de atraÃ§Ã£o no inter mas o msm nunca foi sobre atraÃ§Ãµes, e sim uma Ã©poca do ano pra vc conhecer gente nova, integrar e o MAIS IMPORTANTE, &gt;TORCER&lt;
quer ver atraÃ§Ã£o vai pro tusca que era pra ser jogos mas ja se perdeu faz tempo
inter Ã© tradiÃ§Ã£o,+""",
234,Vitinho,,2022-09-20 03:33:37+00:00,Intersexual: sÃ³ beijar pessoas no InterUnesp (chora tusca) https://t.co/ayJTeTuOVW,
235,Spotted Unesp Bauru,Bauru,2022-09-20 03:31:04+00:00,"""unespiano de verdade sequer pensa em ir no tusca geraÃ§Ã£o fraquinha demais quer ver show guarda o dinheiro pro rock in rio """,
236,Any Vintage ğŸ–¤,"SÃ£o Carlos, Brasil",2022-09-20 02:16:11+00:00,@gabrielborgesps @VintageCulture Ainda n me conformo d ter pedido o vintage no tusca no quintal d casa por causa d namorado ğŸ¥²,
237,foFlora,,2022-09-20 01:54:00+00:00,"Vou perder festa gay com Duda Beat, e tusca com Luisa Sonza, GlÃ³ria Groove, Turma do Pagode, tudo isso acompanhado da minha cama quentinha e comida da mamis",
238,Safa ê°•íŠ¼íŠ¼ ğŸ‘·ğŸ¼ MAGICMAN addicted,outa this world,2022-09-20 01:53:11+00:00,@lena_nevess Obrigadaaaa meu anjoooo. TÃ´ com sdds! Vc vem pra tusca??? Qndo vc tava aqui eu tava ocupada surtando,
239,vini,,2022-09-20 01:30:01+00:00,tusca deveria me patrocinar dps que eu comprei os produtinhos tudo da lojinha,
240,Magno Moura,,2022-09-20 01:29:39+00:00,Agora Ã© sem beber atÃ© o tusca chegar.,
241,Maria Eduarda,,2022-09-20 01:28:59+00:00,ParabÃ©ns pra mim que gostei tanto do kit do tusca que comprei sendo que nem vou na festa e agora que eu vi sÃ³ pode retirar lÃ¡ na arena pqp ğŸ¤¡,
242,marina sena da shopee,,2022-09-20 01:24:51+00:00,"NÃ£o basta estar lidando com kit tusca
Surtei e jÃ¡ lancei o primeiro post sobre o matizado",
243,bela nascimento,"Belo Horizonte, Brasil",2022-09-20 01:22:55+00:00,Torrei meu dinheiro com produtinhos do tusca pqp como eu quero que novembro chegue logo,
244,Gabriel Borges,"SÃ£o Carlos, Brasil",2022-09-20 01:22:21+00:00,@lima_uiliane @VintageCulture Porra lembrei de mais 2 aqui kkkkkk Tusca e franca com gu lima,
245,eIFAtila vota 80 e 13,,2022-09-20 01:21:51+00:00,@aaaadnamaaaa isso ai Ã© gestÃ£o passada mas na prox vai ter kit tusca crtz,
246,reco,,2022-09-20 01:10:01+00:00,q vontade de vender minha alma pro tusca e nÃ£o ir mais no inter,
247,blottorista,"SÃ£o Carlos, Brasil",2022-09-20 00:59:38+00:00,a partir de quarta 18h eu quero virar um brÃ³colis banhado de Ã¡lcool atÃ© o tusca,
248,Mateus Holanda,"SÃ£o Paulo, Brasil",2022-09-20 00:58:12+00:00,@mastriamv agora sÃ³ no tusca?????,
249,lurdinha,,2022-09-20 00:57:22+00:00,vivendo p ver o kit tusca da marciana â€¦. (indireta p ver se eles soltam logo,
250,PatrickğŸ–¤,,2022-09-20 00:34:44+00:00,"Mostrando que apoio o mercado nacional. SÃ³ com o tusca e a IeS, eu vou ver uns 12 artistas, eu amooo",
251,Neto Sabino,"Aracaju, Brasil",2022-09-20 00:34:29+00:00,"@neto_rozendo acho que depende da estrutura do role universitÃ¡rio que vc ta falando
o tusca que Ã© referencia nisso deve tÃ¡ umas 4x ou 5x o valor da halloc, mas eu entendo o ponto de vcs ğŸ«¶ğŸ¾ğŸ«¶ğŸ¾",
252,muliro,"as vzs aracaju, as vzs sanca",2022-09-20 00:21:26+00:00,"@neto_rozendo Paguei 60 (preÃ§o de lote inicial) no Halloween da IeS, que podemos dizer que aqui Ã© a segunda maior festa do ano  depois da TUSCA. Vai ser open bar, vai ter Duda Beat, Urias, Tasha e Tracie e Kaya Conky, fora eletrÃ´nicos. Kkkkkkk",
253,gio LULA 13,"SÃ£o Carlos, Brasil",2022-09-20 00:21:21+00:00,"Obrigado ies vocÃªs sÃ£o gigantes de trazer a duda pra sanca 

AtraÃ§Ãµes haloween &gt;&gt;&gt;&gt; atraÃ§Ãµes tusca https://t.co/8XNEbOVl6a",
254,daniel peres,"SÃ£o Carlos, Brasil",2022-09-20 00:17:13+00:00,"depois do tusca o bailÃ£o promete ser o melhor rolÃª do ano, sÃ³ fÃ©",
255,alice harford,,2022-09-20 00:07:55+00:00,como pode a ies esmurrar tanto o tusca,
256,steffani,,2022-09-20 00:03:15+00:00,"aiiii q delicia receber os produtos do C.A., tudo lindimmmm, vem tusca q eu to pronta",
257,Raphinsss,,2022-09-20 00:01:30+00:00,Halloween da IeS tem mais atraÃ§ao que o tusca slc,
258,fina,Cg,2022-09-19 23:50:34+00:00,@s4rdinha @nakingss em 2019 tavam jogando o tusca?,
259,gabiroba,,2022-09-19 23:47:24+00:00,"minha mae me defendendo sobre eu ir no tusca, essa eu nÃ£o to acreditando nem vendo",
260,rogerrr,"SÃ£o Carlos, Brasil",2022-09-19 23:45:51+00:00,TUSCA???? quem eh nÃ£o conheÃ§o tem quantos anos de carreira? https://t.co/SItr32JjYU,
261,lurdinha,,2022-09-19 23:32:58+00:00,a tusca store Ã© pior q o da atlÃ©tica kk jss que q Ã© aquilo,
262,filÃ³sofo de bar,,2022-09-19 23:28:39+00:00,@__ChaMath @vitindrakegstar calvao 011: O PAES. O TUSCA. VAI SER. DO CARALHOOOO,
263,Duda Guido,Conchal- SP,2022-09-19 23:21:40+00:00,@dodofadel2022 focar no tusca entÃ£o kkkkkk,
264,Zeca,"Sorocaba, Brasil",2022-09-19 23:18:51+00:00,"Caeps meteu mesmo um colete maomeno pro tusca custando 37 reais ?????

Caralho eu sei que todo dia a gente reclama de inflaÃ§Ã£o mas JUROU nÃ©?!",
265,Monteiroâ„¢,"Campinas, Brasil",2022-09-19 23:16:30+00:00,@luanapradoz Eu com o tusca,
266,layla,"Franca - SÃ£o Carlos, Brasil",2022-09-19 23:15:21+00:00,francaners no tusca vai ser mt bom,
267,Julia Franzini,"Araraquara, Brasil",2022-09-19 23:07:17+00:00,Quero minha caneca do tusca logo,
268,SğŸ…°ï¸ ğŸ»,"Campinas, Brasil",2022-09-19 22:54:17+00:00,SerÃ¡ q Ã© muita burrice comprar o tusca agora ? Kkkkkkkkkkk q vontade enorme,
269,cheiro,"Sorocaba, Brasil",2022-09-19 22:53:58+00:00,Meu deus eu que queria comprar vÃ¡rias coisas no tusca store,
270,lele campos,,2022-09-19 22:42:28+00:00,"eu com o tusca praticamente comprado e lembrando que em novembro tambÃ©m tenho que ir pra BrasÃ­lia, to achando que tenho mina de dinheiro, sÃ³ pode.",
271,Fefezin,,2022-09-19 22:38:56+00:00,"Eu vou abrir uma vaquinha pra comprar o tusca, alguÃ©m me doa qualquer quantia peloamordedeus",
272,bat ğŸ¦‡,alexademie,2022-09-19 15:31:17+00:00,pelo amor de deus a line up do tusca tÃ¡ absurda de boa,
273,Ã©li,,2022-09-19 15:26:35+00:00,meu Deus eu amei os produtinhos do kit tusca ğŸ¤¤,
274,Raquel TrebiğŸŒº,Sao carlos/UberlÃ¢ndia,2022-09-19 15:24:13+00:00,Os produtos do Tusca estÃ£o tÃ£o lindinhosğŸ¥º,
275,Empada da Bio,sÃ£o carlos,2022-09-19 15:21:59+00:00,GENTE O KIT TUSCA MEU DEUS,
276,labios de sergio moro,,2022-09-19 15:19:58+00:00,pensando pensamentos com essa shoulderbag da tusca,
277,nat (pÃ©ia),,2022-09-19 15:13:42+00:00,"Oi gente, eu e a topera estamos organizando busÃ£o pro tusca $165 e sÃ³ tem mais 6 vagas, se alguÃ©m tiver interesse sÃ³ me chamar",
278,giugiu,"Bauru, Brasil",2022-09-19 15:13:36+00:00,Queria comprar tudo da lojinha do tusca mas nÃ£o tenho dinheirooooooo,
279,As vezes BrunÃ³ia,,2022-09-19 15:11:13+00:00,"Meu aniversÃ¡rio vai cair no fds do tusca
Queria: presentes
Estou ganhando: dÃ­vidas e mais dÃ­vidas",
280,ponin,Brasil ğŸ‡§ğŸ‡·,2022-09-19 15:07:01+00:00,RT @machumalado: vou ter q tÃ¡ comprando o tusca,
281,Bot TUSCA 2022,Arena Tusca,2022-09-19 15:01:10+00:00,Faltam 54 dias para o inÃ­cio do TUSCA,
282,carolinda,"unesp bauru, sp",2022-09-19 14:44:30+00:00,"@isa_ravagnani eu to assim
mas assim, nem no inter nem no tusca

apenas em PAZ",
283,folis,Uberaba MG,2022-09-19 14:31:22+00:00,"@__maraju Mas Ã© o inter nÃ© :/ comprei sÃ³ por isso na real, n tÃ´ muito com vontade de ir, acho q atÃ© o tusca deve tÃ¡ melhor",
284,Tusca,SÃ£o Carlos,2022-09-19 14:07:56+00:00,"RT @re_belloni: Essa line up do Tusca ta maravilhosa, como pode",
285,paipim,,2022-09-19 14:00:38+00:00,@VHOBorges quanto tÃ¡ do inter? pq o tusca jÃ¡ achei carissimo (mas comprei nÃ©),
286,Alex,SÃ£o Paulo ,2022-09-19 13:44:24+00:00,Vou fingir que nÃ£o passou pela minha cabeÃ§a a possibilidade de ir no tusca,
287,Tusca,SÃ£o Carlos,2022-09-19 13:44:05+00:00,RT @Uriquirino: Menos de DOIS meses pro #TUSCA e eu esperei DOIS anos pra isso!,
288,Larissa Barros,"SÃ£o Paulo, Brasil",2022-09-19 13:36:47+00:00,"Um final de semana assim 
Jesusss, imagina na Lar Doce Lar e no Tusca kkkkkk

Idade chega https://t.co/G0TPTIyRWy",
289,Pivola,"SÃ£o Carlos, Brasil",2022-09-19 13:01:12+00:00,SÃ³ volto a beber no tusca slk,
290,Tusca,SÃ£o Carlos,2022-09-19 12:59:19+00:00,RT @aridante__: e pensar que as duas vÃ£o tÃ¡ no tusca meu deus tÃ´ mto ansioso,
291,Lanna,,2022-09-19 10:47:03+00:00,prÃ³xima festa agora sÃ³ tusca,
292,egirl do campo,city of stars,2022-09-19 10:18:11+00:00,apenas um box de senhor dos anÃ©is e o pacote tusca me fariam felizes agora,
293,perdido na Auditoria,,2022-09-19 05:02:32+00:00,TÃ¡ difÃ­cil achar alojamento pro Tusca,
294,Mastria,"SÃ£o Paulo, Brasil",2022-09-19 04:35:37+00:00,"@albinelii estou aposentando lentamente dos roles universitarios, acho q daqui pra frente sÃ³ vou no tusca ou em alguns muito especificos",
295,Anna Lucindo,"Pirassununga, Brasil",2022-09-19 03:50:38+00:00,Pensando muito em ir no tusca em,
296,Lucky LOUD CAMPEÃƒ MUNDIAL,"In a galaxy far, far away...",2022-09-19 02:47:35+00:00,"to comeÃ§ando a achar que o tusca desse ano foi todinho planejado pra tentar sabotar o inter, pq botaram na mesma data com atraÃ§Ãµes q normalmente vÃ£o no inter Ã‰ TUDO PLANEJADO",
297,machu malu or ximi,arere/piracity,2022-09-19 02:35:53+00:00,vou ter q tÃ¡ comprando o tusca,
298,flavinho do pneu,"Campinas, Brasil",2022-09-19 01:49:25+00:00,Depois desse fds eu tenho certeza que o tusca nÃ£o Ã© pra mim eu ia morrer no primeiro dia,
299,joÃ£o,"SÃ£o Carlos, Brasil",2022-09-19 01:36:36+00:00,mas tudo bem novembro vou fugir do inter e do tusca e vou pro rj,
300,AndrÃ© LLLeon #ValorantChampions,SÃ£o Carlos - SP - Brasil,2022-09-19 00:58:04+00:00,"Cara se tudo correr bem, estarei de fÃ©rias no tusca, grazadeus pq eu n ia suportar trabalhar no hotel nesses dias n",
301,assis,Brazil,2022-09-18 23:51:45+00:00,pensando em estar colocado no tusca,
302,RAQUEL,,2022-09-18 23:16:27+00:00,@JadinDaFiel ainda estou cogitando ir pro tusca...,
303,aang,,2022-09-18 23:06:31+00:00,e pensar que as duas vÃ£o tÃ¡ no tusca meu deus tÃ´ mto ansioso https://t.co/ku3e1mfc1C,
304,"caraÃ­ menÃ³, Ã©o MacÃ©ta",,2022-09-18 23:05:23+00:00,A cada dia eu fico mais feliz por ter comprado os 4 dias do tusca ğŸ˜­,
305,Jadin da FielË¢á¶œá¶œáµ– (Advogado dos BÃªbados),"BrasÃ­lia, Brasil",2022-09-18 22:54:52+00:00,"Tema do Tusca tÃ¡ lindÃ£o dms, se nÃ£o fosse o LIU eu ia lindo",
306,md,,2022-09-18 22:52:07+00:00,do nada procurando galocha p comprar p ir no tusca pq simplesmente eu e a luana perdemos a noÃ§Ã£o e decidimos ir em mais festas do que o planejado. um tÃªnis jamais aguentaria.,
307,O Uriel,"  SP,Brasil ",2022-09-18 22:34:29+00:00,Menos de DOIS meses pro #TUSCA e eu esperei DOIS anos pra isso!,
308,Ana,"Catanduva, Brasil",2022-09-18 21:41:55+00:00,AÃ­ tem o tusca vdd,
309,gigica,sÃ£o carlos â‡‹ tupÃ£,2022-09-18 21:11:06+00:00,RT @alguemdeeq: A atlÃ©tica poderia aprender com a quÃ­mica a montar um kit tusca decente,
310,Viniman,Na Sua,2022-09-18 21:02:14+00:00,Parei de beber atÃ© o tusca,
311,psiricÃ³logo,"Campinas, Brasil",2022-09-18 19:58:00+00:00,"Se mais alguem me perguntar se eu vou no tusca esse ano, eu vou gritar",
312,scutti,,2022-09-18 19:25:44+00:00,RT @alguemdeeq: A atlÃ©tica poderia aprender com a quÃ­mica a montar um kit tusca decente,
313,soraia,Santa Cruz das Palmeiras,2022-09-18 19:20:28+00:00,talvez eu nÃ£o aguente o Tusca,
314,Raii.Ferreira_,,2022-09-18 19:01:05+00:00,Como eu vou tankar 4 dias de tusca ?,
315,nidefavere,,2022-09-18 18:51:08+00:00,RT @alguemdeeq: A atlÃ©tica poderia aprender com a quÃ­mica a montar um kit tusca decente,
316,ste,,2022-09-18 18:01:14+00:00,"ouvindo tdp jÃ¡ pensando no tusca, saudades do que a gente vai viver de novo",
317,Jeniffer CÃ¢ndido,016,2022-09-18 17:19:37+00:00,"oooh gente e eu que descobri sÃ³ agora que O TURMA DO PAGODE VAI VIIIIM NO TUSCA ğŸ˜ğŸ˜ğŸ˜ğŸ˜ğŸ˜ğŸ˜ğŸ˜ğŸ˜ se algum dia eu falei que nÃ£o ia, Ã© mentira",
318,Bu,"Piracicaba, Brasil",2022-09-18 17:16:35+00:00,ficar loira ou comprar meu conva do tuscaâ€¦..,
319,ğ–‡ğ–Šğ–™ğ–ğ–“ğ–ğ–”,UberlÃ¢ndia,2022-09-18 17:07:09+00:00,RT @sccontreiras: Vendo 2 pacotes completos(meia entrada universitÃ¡ria) do TUSCA 2022,
320,carolina âœ¨,she/her              pt-br/eng,2022-09-18 16:21:41+00:00,@oow_anaa vendo o meu tusca inteira no valor de primeiro lote,
321,carolina âœ¨,she/her              pt-br/eng,2022-09-18 16:21:28+00:00,@l1a_____ vendo o meu tusca no valor de primeiro lote,
322,ninoiooioÃ³ia,,2022-09-18 15:06:21+00:00,RT @alguemdeeq: A atlÃ©tica poderia aprender com a quÃ­mica a montar um kit tusca decente,
323,Bot TUSCA 2022,Arena Tusca,2022-09-18 15:01:25+00:00,Faltam 55 dias para o inÃ­cio do TUSCA,
324,Pedro Henrique Rocha,Lorena SP,2022-09-18 14:14:30+00:00,"E no meio da loucura toda, comprei o Tusca, Ã© isso rapaziada, boa noite q daqui a pouco to em pÃ©",
325,letisia,campinas sp,2022-09-18 14:01:13+00:00,td dia pensando nisso (vender meu tusca,
326,thata,"SÃ£o Carlos, Brasil",2022-09-18 13:26:51+00:00,RT @alguemdeeq: A atlÃ©tica poderia aprender com a quÃ­mica a montar um kit tusca decente,
327,Battoman,"Limeira, Brasil",2022-09-18 13:22:10+00:00,A atlÃ©tica poderia aprender com a quÃ­mica a montar um kit tusca decente,
328,borda,"SÃ£o Carlos, Brazil",2022-09-18 12:15:05+00:00,"RT @tateoi: estou tÃ£o titi
serÃ¡ que alguÃ©m pode comprar meu pacote do tusca que eu ainda nÃ£o anunciei que estou vendendo",
329,vulgo Manauxxx ğŸ’¥,"Campinas, Brasil",2022-09-18 12:14:19+00:00,Juli me ensinou algumas coisas e tÃ¡ fazendo pensar bastante sobre ir ou nÃ£o pro tusca ğŸ¥µ,
330,tai,mooncake,2022-09-18 12:00:19+00:00,"estou tÃ£o titi
serÃ¡ que alguÃ©m pode comprar meu pacote do tusca que eu ainda nÃ£o anunciei que estou vendendo",
331,Plabo #13,"Sorocaba, Brasil",2022-09-18 06:24:42+00:00,eu quero mto ver Pitty no tusca,
332,Mumuzin,Brasil,2022-09-18 00:42:25+00:00,Eu sou o Ãºnico que nÃ£o estÃ¡ animado para o Tusca,
333,nidefavere,,2022-09-17 23:57:05+00:00,RT @eugomws: nÃ£o Ã© pq eu sou cadelinha do ca mas o kit tusca da quÃ­mica ta lindo demais ğŸ˜­ğŸ˜®â€ğŸ’¨,
334,LÃª â˜…å½¡,"ButantÃ£, SP",2022-09-17 23:30:32+00:00,"@defantediogo Defante, vc vai no tusca?",
335,gigica,sÃ£o carlos â‡‹ tupÃ£,2022-09-17 23:00:58+00:00,nÃ£o Ã© pq eu sou cadelinha do ca mas o kit tusca da quÃ­mica ta lindo demais ğŸ˜­ğŸ˜®â€ğŸ’¨,
336,ğŸ§ŠğŸ§Š Faisting,"SÃ£o Carlos, Brasil",2022-09-17 22:41:18+00:00,@ahelosantana Tanto role vai acabar enjoando por isso nÃ£o vamos no tusca,
337,loira educa,"Ouroeste, Brasil",2022-09-17 22:34:05+00:00,"outubro tem Gusttavo Lima, novembro tem Tusca, dezembro tem InterFacul e virada do anoâ€¦ tÃ´ felizonaaaaa",
338,lÃ©lis,rc/sbo,2022-09-17 22:15:23+00:00,"@isarmoraess putsss, e nÃ£o vÃ£o lanÃ§ar nada pro tusca?",
339,lucas ruscito,Brasil,2022-09-17 20:33:06+00:00,@theusudogostoso E eu vou! No TUSCA ğŸ¤ª aqueles,
340,Letica,"Botucatu, Brasil / SJRP ",2022-09-17 20:26:06+00:00,Pensando seriamente em vender o tusca depois do que fiz hoje,
341,Tranqueiras,,2022-09-17 20:23:37+00:00,RT @Ohlariana: vendo tusca primeiro lote meia #tusca2022,
342,âœ‹ğŸ¤ªğŸ¤š,"Bauru, Brasil",2022-09-17 19:20:12+00:00,"pode ir pro tusca amigÃ£o, pode ir, ninguÃ©m tÃ¡ te impedindo nÃ£o meu galÃ£",
343,Eric Borges,"SÃ£o Paulo, Brasil",2022-09-17 19:01:58+00:00,RT @Ohlariana: vendo tusca primeiro lote meia #tusca2022,
344,andre amadeu,sÃ£o paulo - sp,2022-09-17 18:45:46+00:00,eh galera parece que cedi a energia jovem do tuscaâ€¦,
345,lucas ruscito,Brasil,2022-09-17 17:20:36+00:00,"Vendo dois ingressos TUSCA lotes anteriores (gente, eu vou no TUSCA, os ingressos sÃ£o de amg do meu namorado)",
346,FÃ©lixz,"UberlÃ¢ndia, Brasil",2022-09-17 17:16:52+00:00,RT @Ohlariana: vendo tusca primeiro lote meia #tusca2022,
347,Lara,"UberlÃ¢ndia, Minas Gerais",2022-09-17 17:16:36+00:00,vendo tusca primeiro lote meia #tusca2022,
348,Tranqueiras,,2022-09-17 17:13:03+00:00,Vendo 2 pacotes completos(meia entrada universitÃ¡ria) do TUSCA 2022,
349,leo_napolis,,2022-09-17 16:16:43+00:00,Aloja do tusca vai ter atÃ© colete amei,
350,Ias,,2022-09-17 16:06:14+00:00,"Turma do pagode no tusca, quem foi triste n ta mais",
351,Cari Oca â­ğŸš©,,2022-09-17 15:36:17+00:00,@nicolimotta @gabriellas_ A mensagem q a Berto me enviou no TUSCA tÃ¡ lÃ¡ como a 1Â° da nossa conversa. Quase 3 anos bem guardados â¤ï¸,
352,Bot TUSCA 2022,Arena Tusca,2022-09-17 15:01:22+00:00,Faltam 56 dias para o inÃ­cio do TUSCA,
353,traÃ­da e mal paga,,2022-09-17 14:26:18+00:00,Tusca um evento onde vai tocar uma pessoa que tÃ¡ sendo processada por racismo e Djonga,
354,ğŸ¤¬,,2022-09-17 14:08:06+00:00,e os mesmos(a) estarÃ£o no tusca gritando fogo nos racistas no show do djonga,
355,Gabriel Neres,"SÃ£o Paulo, Brasil",2022-09-17 14:03:46+00:00,Toda vez q eu lembro que o tusca tÃ¡ chegando fico com medo kkkkkk espero voltar vivohhh,
356,promotora de saÃºde,,2022-09-17 13:29:13+00:00,@catslow__ Falsa era pra vocÃª ir na tusca,
357,Gabi Camargo,"SÃ£o Carlos, Brasil",2022-09-17 13:23:45+00:00,Minha casa no Tusca https://t.co/ZVyg90o1Xb,
358,laurapallamin,,2022-09-17 03:31:20+00:00,ninguÃ©m mais quer ir pro inter e vou ter q sofrer no tusca,
359,laurapallamin,,2022-09-17 03:30:52+00:00,VOU MATAR A BECA PQ ELA TÃ QUERENDO IR NO TUSCA EM VEZ DO INTER AFFFF,
360,lacrinha,"Bauru, Brasil",2022-09-17 03:29:19+00:00,"RT @guiradi: Se vc tÃ¡ em dÃºvida entre Inter ou Tusca, jÃ¡ faz as malinhas e vai pra SÃ£o Carlos. 

Nunca foi sobre evento ou atraÃ§Ã£o, Ã© sobreâ€¦",
361,ğ™¥ğ™š,limeiracity,2022-09-17 03:14:15+00:00,vender meu corpinho p ir no tusca,
362,ğ–•ğ–”ğ–—ğ–™ğ–Šğ–‘ğ–†,"Araras, Brasil",2022-09-17 02:09:07+00:00,"EntÃ£o Ã© isso vai ter tusca, parcelar em 50x",
363,pampers,where have you been loca?,2022-09-17 01:11:56+00:00,"RT @mikitktsk: inter ou tusca? ahaa para ne
o q importa eh se divertir pessoal!!!! ğŸ‘ğŸ‘ğŸ‘ğŸ‘ğŸ‘ 
curtir ğŸ’ƒğŸ’ƒğŸ•ºğŸ•º com os amigos ğŸ‘¯ğŸ‘¯â€â™€ï¸ğŸ‘¯â€â™‚ï¸, beber ğŸ»ğŸ»ğŸ¾ğŸ¾ bâ€¦",
364,ana nery,,2022-09-17 00:52:09+00:00,@leolemex @slasherdrill @Dxlphx 13 vai no tusca com o belo,
365,ğ”ğ”ğ”ªğ”²ğ”¡ğ”¬ğŸ€,"SÃ£o Paulo, Brasil",2022-09-17 00:36:43+00:00,"RT @mikitktsk: inter ou tusca? ahaa para ne
o q importa eh se divertir pessoal!!!! ğŸ‘ğŸ‘ğŸ‘ğŸ‘ğŸ‘ 
curtir ğŸ’ƒğŸ’ƒğŸ•ºğŸ•º com os amigos ğŸ‘¯ğŸ‘¯â€â™€ï¸ğŸ‘¯â€â™‚ï¸, beber ğŸ»ğŸ»ğŸ¾ğŸ¾ bâ€¦",
366,vitu ğŸ‚,,2022-09-17 00:18:01+00:00,"minha mÃ£e disse q eu sÃ³ ligando pros roles e esquecendo do resto, corta pra eu comprando mais um e ainda tem mais uns 3 nos proximos meses (fora o tusca",
367,â˜†luccaâ˜†,"SÃ£o Carlos, Brasil",2022-09-16 23:33:49+00:00,To rindo da marca d'Ã¡gua do inshot no reels oficial do tusca kkkk,
368,gv,"TaubatÃ©, Brasil",2022-09-16 22:49:43+00:00,armava demais alguÃ©m comprar meu ingresso do tusca,
369,mimada e correria ğŸ¦‘,,2022-09-16 22:05:36+00:00,"Em menos de 15 minutos eu fui de ""Chegou o dia que eu nÃ£o piso mais no tusca"" para ""amiga, 1 dia acho que rola ne?""",
370,Snoopy Dogg,,2022-09-16 21:55:08+00:00,Troco meu ingresso do Inter unesp por um do Tusca pq nÃ© as atraÃ§Ãµes mil vezes melhores,
371,rebeca belloni,"Sydney, New South Wales",2022-09-16 21:54:58+00:00,"Essa line up do Tusca ta maravilhosa, como pode",
372,Atraso em portuguÃªs,,2022-09-14 18:32:37+00:00,@caiorfurlan Tusca tÃ¡ prometendo tudoooo,
373,ğ•·ğ–šğ–ğ–˜ ğ•¾ğ–ğ–‘ğ–›ğ–†,itatinga - sp â‡† bauru -sp,2022-09-14 18:27:30+00:00,"e essas atraÃ§Ãµes do tusca, hein? ğŸ˜¶â€ğŸŒ«ï¸",
374,Gica vai p Ura,arquiteta presencial,2022-09-14 18:09:58+00:00,"@monii_nasc SÃ©rio como o tusca consegue lanÃ§ar uma atraÃ§Ã£o foda a cada 5 dias e o inter capengando com essas 3 
TÃ´ mto preocupada sÃ©rio kkkkkk",
375,MğŸ…°ï¸ğŸ†‘inesio,,2022-09-14 17:24:51+00:00,@henriquenf_ pro tusca a gnt da um jeitinho,
376,Ana Beatriz,,2022-09-14 17:20:10+00:00,"RT @monica_zuca: Turma do pagode no tusca sÃ³ me faz lembrar de uma coisa, isso msm, turma do pagode no carnaval, vulgo melhor dia de todos",
377,â„¤ğ•–ğ•œğ•’ â„™ğ•’ğ•¦ğ”¾ğ• ğ•£ğ••ğ•šğ•Ÿğ•™ğ• ,na cama da sua mÃ£e ,2022-09-14 17:04:10+00:00,"RT @ahelosantana: tusca com Pedro Sampaio, Matheus e Kauan, Turma do Pagode, Pity e LuÃ­sa Sonza ::::::::::: NUNCA FUI TRISTE",
378,babacita,,2022-09-14 16:56:44+00:00,"@leletirb enquanto isso no tusca jÃ¡ confirmaram luisa sonza, gloria groove, pedro sampaio, turma do pagode, matheus e kauan, kvsh, dennis, djonga, pitty(??). SAO PAULO Ã‰ BOM DMS",
379,liv,"RibeirÃ£o Preto, Brasil",2022-09-14 16:50:35+00:00,"sorry liu, mas esse ano meu corpinho Ã© da tusca",
380,Tusca,SÃ£o Carlos,2022-09-14 16:49:21+00:00,"RT @ahelosantana: tusca com Pedro Sampaio, Matheus e Kauan, Turma do Pagode, Pity e LuÃ­sa Sonza ::::::::::: NUNCA FUI TRISTE",
381,ğ•¸ğ–Šğ–“ğ–ğ–“ğ–ğ–“ğ–ğ–” ğ•¿ğ–†ğ–™ğ–šğ–†ğ–‰ğ–” ğŸ˜®â€ğŸ’¨,,2022-09-14 16:35:51+00:00,porra vai ter matheus e kauan no tusca bora inter confirma o henrique e juliano ai nÃ£o fica pra trÃ¡s nÃ£o,
382,Baby Shark turururu... ğŸ¤ª,"SÃ£o Carlos, Brasil",2022-09-14 16:15:27+00:00,"MANOOOO quero ir no Tusca e tbm no festival de RibeirÃ£o, ver o Orochinho! Affs preto de milhÃµes â¤ğŸ˜‹ğŸ¥°ğŸ¥°",
383,zeca - feira âœ¨ğŸº,,2022-09-14 15:45:29+00:00,"Eu tenho nÃ¡usea sÃ³ de pensar em jogar na Tusca, nÃ£o sei nem se vou conseguir pisar no tusquinha semana q vemâ€¦ traumas, nÃ©",
384,henrique - tchu,,2022-09-14 15:38:43+00:00,@MariaCecliaRoc1 e o tusca?,
385,loira educa,"Ouroeste, Brasil",2022-09-14 15:24:57+00:00,"tusca com Pedro Sampaio, Matheus e Kauan, Turma do Pagode, Pity e LuÃ­sa Sonza ::::::::::: NUNCA FUI TRISTE",
386,sasa,"Brodowski, Brasil",2022-09-14 15:24:09+00:00,dando a vida pra achar um aloja pro tusca mas tÃ¡ simplesmente IMPOSSÃVEL,
387,loira educa,"Ouroeste, Brasil",2022-09-14 15:23:07+00:00,"comprei o interfacul, Gusttavo Lima, preciso comprar o tuscaâ€¦. genteeee meu salÃ¡rio tÃ¡ indo sÃ³ em festa pqp ğŸ¥¹",
388,toninho rodrigues,ele/dele,2022-09-14 15:22:50+00:00,@Victormaciera @viwolpiano mano pior que toda vez TODA VEZ eles dÃ£o dessas na moral ies Ã© esquema criminoso nem tusca da esses problemas,
389,moquis in solo paulista,,2022-09-14 15:17:57+00:00,gente o tusca nÃ£o paraa,
390,konradex,Brasil,2022-09-14 15:15:57+00:00,@bengannabis_br Tusca jÃ¡ tÃ¡ comprado faz tempo. Festa da ies agora,
391,toninho rodrigues,ele/dele,2022-09-14 15:08:29+00:00,juro nem o tusca que Ã© o tusca esgota lote tÃ£o rÃ¡pido NEM O ROCK IN RIO ESGOTA TAO RAPIDOOOOOOO vai todo mundo t9ma no cu lote fantasma do carlaho,
392,Bot TUSCA 2022,Arena Tusca,2022-09-14 15:01:23+00:00,Faltam 59 dias para o inÃ­cio do TUSCA,
393,Tusca,SÃ£o Carlos,2022-09-14 14:48:01+00:00,RT @maagomess: o tusca desse ano estÃ¡ um sabooooooorrrrrrr,
394,Tusca,SÃ£o Carlos,2022-09-14 14:46:12+00:00,"RT @Isabellemoro12: MEU AMOR, turma do pagode no tusca? EU NÃƒO QUERO MAIS GUERRA COM NGM!!",
395,ga*bi,,2022-09-14 14:45:11+00:00,hoteis em sao carlos ja esgotados pro tuscaâ€¦ ta chegando ğŸ˜®â€ğŸ’¨,
396,Elvinho,,2022-09-14 14:42:36+00:00,"@iamReicho TÃ´ esperando o ""BailÃ£o do Tusca""",
397,Ê™ á´€ s s Éª,"SÃ£o Paulo, Brasil",2022-09-14 14:26:33+00:00,Daqui 2 meses tem tusca aaaaaaa,
398,Tusca,SÃ£o Carlos,2022-09-14 14:14:30+00:00,RT @beatrisninno: @lebortolato tusca maior e melhor,
399,uolbol,"SÃ£o Carlos, Brasil",2022-09-14 14:02:19+00:00,Nao sei ainda oq pensar sobre o tusca,
400,"zezo, droga Ã© o",,2022-09-14 13:53:42+00:00,nao mas dps do tusca qnd eu lansa o piercing no nariz e o 3o furo na orelha eu vo ta 1 (um) nojo,
401,jogi ğŸ©¸,-a/ela,2022-09-14 13:46:54+00:00,TÃ´ morrendo com o social media do tusca usando o inshot grÃ¡tis pra fazer os vÃ­deos de divulgaÃ§Ã£o kkkkkkkk,
402,Tusca,SÃ£o Carlos,2022-09-14 13:39:19+00:00,"Ã‰ claro que nÃ£o poderia faltar um pagodinho daqueles no retorno da Tusca, nÃ©? VocÃªs pediram, a gente anotou e agora chegou a hora de vocÃªs saberem!ğŸ˜

A  @turmadopagode ta vindo aÃ­ pra trazer todo seu ritmo e molejo pra Tusca ğŸª•ğŸ¥ğŸª˜ https://t.co/zNbthU0zIS",
403,bic toria,bauru,2022-09-14 13:25:11+00:00,@kawanog3 tusca tÃ¡ engolindo o inter nas atraÃ§Ãµes vo entra em depressao,
404,helÃ´,sanca/sjc,2022-09-14 13:19:28+00:00,eu tava planejando pisar em sanca sÃ³ no tusca e comecei a sofrer pressÃ£o pra ir no halloween da ies............,
405,Julha,,2022-09-14 13:16:43+00:00,Turma do pagode no tusca e nÃ£o acredito que vou ter que ver eles tocando pela quarta vez sendo que nem gosto,
406,dona morte caipira,,2022-09-14 13:06:05+00:00,@lebortolato tusca maior e melhor,
407,guilherme,"SÃ£o Paulo, Brasil",2022-09-14 13:03:47+00:00,TUSCA COMPRADO nÃ£o quero saber de depressÃ£o e de coisas pra baixo,
408,Lara,,2022-09-14 12:49:10+00:00,"@stefani_fs Eu vo nem comentar sobre isso.
Tusca&gt;&gt;&gt;&gt;&gt;&gt;&gt;&gt;&gt;&gt;",
409,boraschi de Mococa,"Mococa, Brasil",2022-09-14 12:47:42+00:00,hmmm mas o Tusca tbm ta tentador,
410,grechi,"Cachoeiro de Itapemirim, Brasil",2022-09-14 12:41:01+00:00,SÃ³ uma coisa pode me alegrar hoje.. Major RD no Tusca,
411,Fernanda,,2022-09-14 12:27:12+00:00,SÃ³ queria ir no Tusca ğŸ˜¢,
412,aang,,2022-09-14 12:18:47+00:00,depois de 12 horas na fila do tusca embaixo de chuva nada mais me abala,
413,Biruel,"SÃ£o JosÃ© dos Campos, Brasil",2022-09-14 12:12:32+00:00,"@gabii_rovai Tusca, n tem nem como ne. Terei q ir",
414,Cristian,Santiago / Osorno,2022-09-14 12:07:58+00:00,@Punktruquita Tusca cap.1 versÃ­culo 11.,
415,mau,,2022-09-14 12:06:47+00:00,Turma do pagode no Tusca. O silÃªncio do interunesp Ã© ensurdecedor â˜¹ï¸,
416,Victor Kiessler,,2022-09-14 11:58:37+00:00,"Ainda tem mais um em...
Tusca R$520 https://t.co/pjlECZxlGV",
417,winx,,2022-09-14 11:58:29+00:00,@marirb_ o maior crime de todos Ã© falar a tusca,
418,dra daolanÃ§a,Brasil,2022-09-14 11:45:45+00:00,tusca por favor kd as atraÃ§Ãµes BOAS???,
419,"ğ”¾ğ• ğ•“ğ•’ğ•¥ğ• , o doente do TT",,2022-09-14 11:45:37+00:00,@Gaules Infelizmente tenho o TUSCA na msm Ã©poca gaugau,
420,Pestinhaa,,2022-09-14 11:34:33+00:00,"Ontem conversando com o Mumuzinho descobri que fazemos aniversÃ¡rio exatamente no mesmo dia, entÃ£o decidimos que vai ter dobradinha do atletismo no Tusca de comemoraÃ§Ã£o (sonhei)",
421,infermon Ã‰ 13,Campinas/ Vale do aÃ§o,2022-09-14 10:56:51+00:00,NÃ³ pelo amor de Deus QUEM AGUENTA TURMA DO PAGODE no TUSCA,
422,lauzzie mcguire e um sonho de se formar,,2022-09-14 10:54:07+00:00,@chferraris simm e tudo mais tusca uni carnaferrugem 1 ano pra viver tudo ğŸ™ğŸ¼ğŸ™ğŸ¼ğŸ™ğŸ¼ por favor,
423,Maju Momesso,,2022-09-14 10:18:32+00:00,"Turma do pagode no tusca, tudo o que eu queria",
424,Eduardo Souza,,2022-09-14 09:46:01+00:00,Turma do pagode no tusca e eu sÃ³ queria ir ver eles,
425,Battoman,"Limeira, Brasil",2022-09-14 09:42:08+00:00,"Vai tusca, anuncia JoÃ£o Gomes ou TarcÃ­sio aÃ­",
426,paulo liÃ£o,,2022-09-14 06:59:11+00:00,atraÃ§Ãµes muito fracas do tusca,
427,MÃ´nica Zuca,"Piraju, Brasil",2022-09-14 04:24:56+00:00,"Turma do pagode no tusca sÃ³ me faz lembrar de uma coisa, isso msm, turma do pagode no carnaval, vulgo melhor dia de todos",
428,Tawa,,2022-09-14 04:20:49+00:00,"@lebortolato O tusca nÃ£o precisa nem de atraÃ§Ã£o pra ser melhor q o inter, isso q Ã© foda",
429,gabi,"SÃ£o Paulo, Brasil",2022-09-14 04:18:02+00:00,nem acredito q vou no tusca,
430,fortunato,"Monte Azul Paulista, Brasil",2022-09-14 04:01:24+00:00,O inter tÃ¡ flopando enquanto liu e tusca anuncia 1 atraÃ§Ã£o por semana ğŸ˜®â€ğŸ’¨ğŸ‘€,
431,gorxa,,2022-09-14 03:25:46+00:00,"Me dÃ¡ indisposiÃ§Ã£o pensar em pagar R$600,00 conto no Tusca, fora todo o restante da grana do rolÃª, mas que essas atraÃ§Ãµes tÃ£o matando meu coraÃ§Ã£ozinho, tÃ£o sim.",
432,JurÃ­dico Von Richthofen,,2022-09-14 03:24:47+00:00,Vazou a Larah se um dia a Ivete colar na Tusca https://t.co/75ICEpBts6,
433,gg,,2022-09-14 03:21:38+00:00,Preciso comeÃ§ar a aprender as mÃºsicas do tusca,
434,perdeÃ£,scranton the electric city,2022-09-14 03:19:15+00:00,@HenriqueLeoFra1 amigo sÃ³ lud e menos Ã© mais mas olha quantas jÃ¡ tem no tusca preciso de maissss,
435,Carentena,Insta: lu_girotto,2022-09-14 03:09:29+00:00,"Inclusive sou totalmente realizada gastando todo o dinheiro do Tusca em reforma de banheiro, dividindo meu lado da cama em 3, comparar preÃ§o de mercado e tomar cafÃ© da manhÃ£ em padaria em pleno domingo 8h da manhÃ£. VIVENDO A MINHA FANFIC SAPATAO ADOLESCENTE CASADISSIMA E FELIZ https://t.co/jSATmUqgjI",
436,Su-Î¼da (ana),"SÃ£o Paulo, Brasil",2022-09-14 02:55:08+00:00,"Queria tanto o hariel e o xamÃ£ no tusca, ia ser tudooo",
437,Biruel,"SÃ£o JosÃ© dos Campos, Brasil",2022-09-14 02:31:39+00:00,RT @BotTusca: Faltam 60 dias para o inÃ­cio do TUSCA! ğŸ™,
438,Carlos Henrique,,2022-09-14 02:20:12+00:00,"To na espera do meu cabelo platinado no tusca, a meta Ã© alcanÃ§ar todas as cores de corante nele atÃ© o fim do rolÃª",
439,Julinha eterna Ã³rfÃ£ de Mr. Queen ğŸ·,,2022-09-14 02:19:54+00:00,Aff a Tusca desse ano tÃ¡ com umas atraÃ§Ãµes muito fodas ğŸ˜­ eu sÃ³ queria ganhar um convitinho poxa,
440,ğŸ³ğŸ˜¡ğŸ—,sÃ£o paulo zn,2022-09-14 02:16:24+00:00,turma do pagode confirmado no tusca aiaiaiaiaiai eu nunca fui triste 2k22,
441,COMÃŠ SHUSHI,,2022-09-14 02:10:19+00:00,"Mesmo que eu precise vender meu c* na internet, EU VOU PRO TUSCA de qualquer jeito",
442,dudinha,sÃ£o paulo | â™ï¸ | ğŸ¦‰ğŸŒ»,2022-09-14 02:06:33+00:00,"@flamoura tusca

ninguÃ©m gosta de advogados amiga pelo amor de deus",
443,cu,,2022-09-14 02:01:45+00:00,Vo comprar tusca primavera e coachella FODASE,
444,ana,707E74 | ENFP,2022-09-14 01:51:20+00:00,"djonga, luisa sonza, pitty e turma da pagode no tusca REAGE INTERUNESP",
445,perdeÃ£,scranton the electric city,2022-09-14 01:48:28+00:00,QUE Ã“DIO INTER VOLTA A SOLTAR ATRAÃ‡ÃƒO BOA DE NOVO PQ O TUSCA TÃ MASTIGANDO SEU FURICOOOO ğŸ˜­ğŸ˜­ğŸ˜­,
446,Vivian,,2022-09-14 01:44:19+00:00,Turma do pagode confirmada no tusca e eu sÃ³ consigo sentir saudade da formatura,
447,joi,gba-sÃ£o carlos,2022-09-14 01:25:12+00:00,se o tusca nÃ£o anunciar a ludmilla logo eu vou colapsar,
448,Bill â“Ÿ,"SÃ£o Carlos, Brasil",2022-09-14 01:23:57+00:00,turma do pagode no tusca eu estou em extase,
449,Erick MlkNeutro â˜­,,2022-09-14 01:23:19+00:00,Esse tusca tÃ¡ me chamando a atenÃ§Ã£o sabe...,
450,laura,perdida ,2022-09-14 01:15:49+00:00,Q delÃ­cia foi dar 660 conto p tusca pqp,
451,mageh,,2022-09-14 01:14:02+00:00,100%-show da pitty do meu tusca no eletronico,
452,Lipe,,2022-09-14 01:13:45+00:00,"Chama tudo de 2019, mas n chama falamansa e pÃ©ricles, TO DE OLHO EM VC TUSCA, troco fÃ¡cil o sampaio pelos dois, e dou de brinde o pessoal do eletrÃ´nico",
453,totaâ„¢,"SÃ£o Carlos, Brasil",2022-09-14 01:10:22+00:00,Ã© oficial atÃ© agora o tusca nÃ£o tem uma unidade de atraÃ§Ã£o boa sequer,
454,raquelzita,,2022-09-14 01:06:50+00:00,@thaiscmgs Nao vai ter mais tusca para todo mundo famÃ­lia ğŸ˜”,
455,hirgu,Santa AdÃ©lia - SP,2022-09-14 01:03:40+00:00,"@_laertera virou parte do ingresso do tusca, foi mal",
456,Jp,,2022-09-14 00:59:24+00:00,vai tusca anuncia um lagum aÃ­ agr nunca pedi nada,
457,Ã©li,,2022-09-14 00:59:08+00:00,tÃ£o fazendo remake da tusca de 2019 com essas atraÃ§Ãµes tudo repetida?,
458,juma marruÃ¡,RepÃºblica Pula Muro,2022-09-14 00:58:08+00:00,Eu preciso do kit tusca da quÃ­mica pra ontem vou usar pra ir em todo lugar pois amei,
459,nanda,"Osasco, Brasil",2022-09-14 00:57:31+00:00,RT @isabellapeli: TURMA DO PAGODE NO TUSCA,
460,"marÃ­lia, igual a mendonÃ§a","Americana, Brasil",2022-09-14 00:55:41+00:00,"Mano, Turma do Pagode no Tusca. Eu repito, TURMA DO PAGODE NO TUSCA. 

NINGUÃ‰M ME TOCA",
461,positivo capitÃ£o broxa,"SÃ£o Carlos, Brasil",2022-09-14 00:54:42+00:00,turma do pagode no tusca AaaaaaaaaaaaaaaaaaaaaaAAAAA,
462,"Uai, TÃ³ts?! ğŸ˜·",Brasil,2022-09-14 00:52:51+00:00,"NÃ£o vai ter jeito, serei obrigada a ir no Tusca.",
463,Duda Garcia,,2022-09-14 00:50:35+00:00,Arrependida de nÃ£o ter comprado todos os dias do tusca,
464,Giulia Souza,"Campinas, Brasil",2022-09-14 00:50:34+00:00,"Sim, foi isso que eu pedi Tusca, turma do pagodeeeee",
465,Mbali,,2022-09-14 00:50:04+00:00,RT @BotTusca: Faltam 60 dias para o inÃ­cio do TUSCA! ğŸ™,
466,Dr. Giuseppe Cadura,,2022-09-14 00:49:45+00:00,"Turma do pagode no tusca, curtirei um pagode maluquissimo",
467,Kiara Galvan,"CordeirÃ³polis, Brasil",2022-09-14 00:47:51+00:00,"Vendi meu tusca, agora tÃ´ triste",
468,maria fifi,,2022-09-14 00:46:50+00:00,amÃ©m turma do pagode no tusca!,
469,maju,,2022-09-14 00:45:54+00:00,"estarei de fÃ©rias no tusca, nunca fui triste",
470,Biruel,"SÃ£o JosÃ© dos Campos, Brasil",2022-09-14 00:43:31+00:00,@gabii_rovai Vc viu q vai ter TDP no TUSCA?,
471,Larissinha,Saint Charles - SP,2022-09-14 00:41:03+00:00,descobri hoje que o tusca Ã© um patrimÃ´nio e realmente se trata de um conceito bem amplo,
472,DÎ±Î·iÑ”Å‚,,2022-09-14 00:20:15+00:00,simplesmente sou obrigado a ir no tusca com o anuncio da turma do pagode,
473,dory,,2022-09-14 00:19:09+00:00,turma do pagode e pitty no tusca vÃ£o me matar,
474,Maisinha,,2022-09-14 00:15:54+00:00,Turma do pagode no tusca me lembrou o dia que simplesmente dormi 10 min no show deles EM PÃ‰ no cia e acordei play,
475,bia,"UberlÃ¢ndia, Brasil",2022-09-14 00:15:00+00:00,Eu tÃ´ comprando coisas inÃºteis na internet esquecendo que ainda tenho um tusca pra pagar,
476,marianja,"SÃ£o Paulo, Brasil",2022-09-14 00:14:52+00:00,o tusca desse ano estÃ¡ um sabooooooorrrrrrr,
477,ğ‘™ğ‘¢ğ‘‘,jacarei | sÃ£o carlos,2022-09-14 00:13:18+00:00,TURMA DO PAGODE NO TUSCA ABSOLUTAMENTE NUNCA FUI TRISTE AMO VIVER,
478,is(abel)la scarpeli,"SÃ£o Paulo, Brasil",2022-09-14 00:13:17+00:00,TURMA DO PAGODE NO TUSCA,
479,Giovanni Stoppa,,2022-09-14 00:13:11+00:00,Turma do Pagode no Tusca ğŸ¥¹,
480,10zÃ£o,"Brotas, Brasil",2022-09-13 23:47:15+00:00,nossa quando a luÃ­sa sonza cantar essa no tusca vou atÃ© esquecer que tÃ´ num open e vou chorar,
481,Nic,"Limeira, SÃ£o Paulo",2022-09-13 23:30:34+00:00,@zaelgustavo1 Tusca muito melhor,
482,nicholas âš§,"Barra Bonita, Brasil",2022-09-13 23:20:06+00:00,meudeus falta dois mÃªs pro inter/tusca alguÃ©m me salva e ajuda,
483,H Andrade ğŸ¤Ÿ,"SÃ£o JosÃ© do Rio Preto, Brasil",2022-09-13 23:01:25+00:00,"@IsadoraLarini Mano SIM, to pensando muito em Tusca ğŸ¤§ desculpa UNESP",
484,d,"SÃ£o Carlos, Brasil",2022-09-13 22:27:02+00:00,acho que virei ludmiller DE NOVO vai tusca anuncia logo porra https://t.co/1XevhxYNfV,
485,ceci do rockğŸ¤Ÿ,"Bauru, Brasil",2022-09-13 22:22:39+00:00,precisando urgentemente vender algum dia do tusca porÃ©m sou burra e nÃ£o sei como vender separado,
486,chicken teriyaki,"SÃ£o Paulo, Brasil",2022-09-13 22:08:12+00:00,alguem compra meu tusca n e meme eu juro,
487,bigger than nih,"SÃ£o Paulo, Brasil",2022-09-13 21:24:51+00:00,dois meses pra escolher qual evento eu vou (90% de chance de ir pro tusca,
488,lil jeff,bevilin rios ,2022-09-13 19:57:11+00:00,"Tusca anunciou Pitty, por favor Inter faz alguma coisa ğŸ˜­ğŸ˜­ğŸ˜­ğŸ˜­",
489,Lay,,2022-09-13 19:47:52+00:00,Preciso de dinheiro p ir no Tusca p ontem,
490,Rafanavarro,,2022-09-13 19:12:30+00:00,RT @BotTusca: Faltam 60 dias para o inÃ­cio do TUSCA! ğŸ™,
491,gabi t,Brasil,2022-09-13 19:06:25+00:00,"Bloquim, lolla, sarara, rock in rio, tusca... to pobre esse ano mas to vivendo pelos shows",
492,trem a toa,,2022-09-13 18:59:14+00:00,"Queria show do Tomate no tusca, iria ser fantÃ¡stico, carnaval fora de Ã©poca",
493,dm,"ColÃ´mbia, Brasil",2022-09-13 18:24:41+00:00,"MÃªs de novembro com tusca e copa, tudo de bom",
494,ravs raveninha,"SÃ£o Carlos, Brasil",2022-09-13 17:49:40+00:00,RT @BotTusca: Faltam 60 dias para o inÃ­cio do TUSCA! ğŸ™,
495,Venda Ingresso Bot,,2022-09-13 17:31:42+00:00,RT @gvnarocha: Vendo ingresso TUSCA,
496,gv,"TaubatÃ©, Brasil",2022-09-13 17:31:37+00:00,Vendo ingresso TUSCA,
497,Matheus Vinicius,,2022-09-13 16:56:51+00:00,mÃ³ rolÃª p vender essa porra do Tusca se fude,
498,Tusca,SÃ£o Carlos,2022-09-13 16:56:25+00:00,RT @masonsinho: vei to mt feliz que daqui dois meses tem tusca meu deus,
499,Digzin CEO da tristeza,,2022-09-13 16:54:46+00:00,CadÃª o kit tusca da quÃ­mica mano? Reage caqui pelo amor de deus,
500,LetÃ­cia,,2022-09-13 16:50:21+00:00,SÃ³ queria ir no tuscağŸ˜­,
501,Tusca,SÃ£o Carlos,2022-09-13 16:45:17+00:00,RT @BotTusca: Faltam 60 dias para o inÃ­cio do TUSCA! ğŸ™,
502,Th,019,2022-09-13 15:30:16+00:00,foi numa dessa q eles concordaram e agr a gnt n tem lugar pra dormir no tusca https://t.co/Lf8O0EeFVf,
503,gigica,sÃ£o carlos â‡‹ tupÃ£,2022-09-13 15:01:46+00:00,"@MathUmHomem vou esperar passar o tusca e comprar por 3,50",
504,Bot TUSCA 2022,Arena Tusca,2022-09-13 15:01:10+00:00,Faltam 60 dias para o inÃ­cio do TUSCA! ğŸ™,
505,Tunin.,"SÃ£o JosÃ© dos Campos, Brasil",2022-09-13 13:59:28+00:00,SÃ³ queria ir no tusca,
506,lulu,,2022-09-13 13:35:50+00:00,vender o inter e comprar o tusca Ã© isso,
507,Mirko weber,,2022-09-13 13:03:24+00:00,"@leocarniato @MuriloBTCatu O @MuriloBTCatu Ã© um fdp do caralho
Diz que vai pra BH com o bebarians e aÃ­ mete o miguÃ© de ""sem dinheiro"" que vai no tusca
Um arrombado do varalho",
508,ğ¶ğ‘ğ‘šğ‘–,na sua ,2022-09-13 12:42:58+00:00,RT @eugomws: kit tusca ta mt feio ta maluco,
509,SurtaDONA,,2022-09-13 11:04:45+00:00,"Bom dia mundo, hoje eu comeÃ§o meu projeto Tusca e eu sÃ³ paro ele no dia 12 de novembro, Ã© isso",
510,ğ“‡ğ’¶ğ’»ğ’¶ğ’·ğ‘’ğ“ğ“ğ’¶,KATCHAU ,2022-09-13 10:50:12+00:00,vai tusca libera logo os convite individual eu nÃ£o vo conseguir guardar esse dinheiro por mt tempo,
511,erick,"Berlim, Alemanha",2022-09-13 10:05:25+00:00,vei to mt feliz que daqui dois meses tem tusca meu deus,
512,Gica vai p Ura,arquiteta presencial,2022-09-13 04:06:46+00:00,RT @isabdourado: alguÃ©m compra meu tusca pelo amor de deus kk,
513,Atraso em portuguÃªs,,2022-09-13 03:44:13+00:00,QUE Ã“DIO O INTER E O TUSCA NA MESMA DATA DE NOVO NÃƒO CONSIGO DECIDIR ENTRE OS DOIS AAAAAAAAAAAAAAA,
514,pereirona,RibeirÃ£o Preto - SP,2022-09-13 02:29:31+00:00,alguÃ©m compra meu tusca pelo amor de deus kk,
515,catuaba,,2022-09-13 02:08:24+00:00,"no tusca vou tocar saxofone pelado no alojas, podem anotar",
516,Gica vai p Ura,arquiteta presencial,2022-09-13 01:33:53+00:00,@badgirlgabu ta dificil de ver isso sÃ©rio kkkkkk tusca ja com mil atraÃ§Ãµes fodas e o inter divulga uma por mÃªs,
517,vitu ğŸ‚,,2022-09-13 01:21:10+00:00,serÃ¡ q o tusca vem ai? ğŸ‘€,
518,Caiuxaâ¤ï¸â€ğŸ©¹,SÃ£o Paulo,2022-09-13 01:13:57+00:00,"Pagou + de 500 no TUSCA
Pagou + de 500 no RiR
Pagou + de 500 no Primavera
E tÃ¡ reclamando de 60 reais",
519,andisu,"SÃ£o Paulo, Brasil",2022-09-13 00:37:58+00:00,"faltou isso aqui ğŸ‘ŒğŸ¼ pra eu miar o treino hj, mas fui que fuiii

foco total ate o tusca agr",
520,telles,,2022-09-13 00:05:57+00:00,Caralho tÃ´ querendo vender o pacote do tusca e n acho ngm pra comprarrrrr,
521,Goula,,2022-09-12 23:40:52+00:00,@Miguelzao21 Vc que nao tem coragem de vir pra ca esse filme ai eu vou assistir diretamente no tusca,
522,josÃ©,,2022-09-12 23:22:25+00:00,"vendo tusca pacote 4 dias 
n curto festa pausada mals ğŸ˜•",
523,tia ni,Brasil ;,2022-09-12 22:27:14+00:00,porra atlÃ©tica que kit tusca medonho,
524,ah vocÃª quer me calar?,"SÃ£o Paulo, BR",2022-09-12 22:09:12+00:00,"foda-se consegui bolsa da UF kkkkkkkkkkkjjjjkkk vem aÃ­, tusca",
525,chicken teriyaki,"SÃ£o Paulo, Brasil",2022-09-12 21:33:39+00:00,"to morta e sem disposiÃ§Ã£o p ir p academia, mas lembrei q falta menos de 2 meses pro tusca e eu tenho q estar gostosa pra ficar seminua por 4 dias",
526,baguete.dev ğŸ‘¨ğŸ½â€ğŸ’»,,2022-09-12 20:51:27+00:00,"3 dias pra festa da Boi, 19 dias pra fÃ©rias e 61 dias pro Tusca, nunca fui triste",
527,LLLetu,,2022-09-12 20:13:54+00:00,"@licesmartins @xrdnaid Ã‰ que o tema do tusca esse ano Ã© de floresta, Brasil e tals, tem a arara tbm",
528,carol,ela/dela,2022-09-12 20:07:44+00:00,queria o kit tusca da bio tambÃ©m,
529,Dr por excelÃªncia / âš–ï¸,"IpuÃ£, Brasil",2022-09-12 19:54:19+00:00,Richard me convenceu a trocar a Liu pelo Tusca,
530,mari,,2022-09-12 19:50:58+00:00,nossa o tusca poderia trazer a lud ia ser TUDO,
531,Francine,Borborema/ SÃ£o Carlos,2022-09-12 19:27:14+00:00,mais uma vez a atlÃ©tica surpreendendo com um mal gosto pra fazer o kit Tusca,
532,LLLetu,,2022-09-12 19:23:58+00:00,"100 reais kit tusca, a caneca Ã© de ouro?",
533,"Paulo, fÃ£ dos 022","SÃ£o Carlos, Brasil",2022-09-12 19:21:09+00:00,"o cara foi me passar golpe com ingresso de tusca pro @carloscIaus, pegou a grana mas em meia hora a gente ja tinha curso, email, telefone e cpf. no final tinham usado o cpf do menino pra fazer falcatrua. chegamos na disciplina e ja pegamos o dinheiro de volta",
534,Jururu ğŸ¦¥,,2022-09-12 18:44:09+00:00,"@LuanArchetti Meu fio Ã© o Tusca, sempre vai ter alguÃ©m querendo comprar de Ãºltima hr",
535,guid,,2022-09-12 17:42:50+00:00,"@duda_fadini nunca fui em nenhum dos 2 mas tusca, sua cara",
536,chinottÂ¡,"Londrina, Brasil",2022-09-12 17:16:28+00:00,alguÃ©m paga meu passaporte pro tusca,
537,Laura,,2022-09-12 17:13:11+00:00,"@edubfg @BonfimEnzo Tusca muito maior e melhor, venham",
538,gigica,sÃ£o carlos â‡‹ tupÃ£,2022-09-12 16:58:02+00:00,kit tusca ta mt feio ta maluco,
539,Ã©rriu :),,2022-09-12 16:54:22+00:00,ano que vem Ã© tusca!!!,
540,mari,,2022-09-12 16:14:26+00:00,obrigada por tudo aaapsi o kit tusca tÃ¡ muito lindo toma todo meu dinheiro ğŸ˜­ğŸ˜­ğŸ˜­ğŸ˜­,
541,"jao, o infame",,2022-09-12 16:11:16+00:00,@baraca_julio23 todos eles e o tusca vem de brinde,
542,kerolyn Ã© lula 13,"Votorantim, Brasil",2022-09-12 15:52:09+00:00,"RT @artreta: o palco da tusca de 2019 mais bonito que o palco do rock in rio
tudo..........",
543,Archetti.ğŸ¥,"SÃ£o Carlos, Brasil",2022-09-12 15:49:10+00:00,"Comprei o pacote tusca na emoÃ§Ã£o e agr tÃ´ ""namorando"" e vou ter que vender, tomei no cu kkkkkkkkkk",
544,lau,,2022-09-12 15:48:41+00:00,"pitty e luisa sonza no tusca, como vou ser feliz nÃ£o podendo ir nesses shows?",
545,Ã©li,,2022-09-12 15:45:46+00:00,vegs usariam o abada do kit tusca com um porquinho sendo queimado?,
546,Portu,,2022-09-12 15:41:01+00:00,"time tem 2 vagas no aloja q vou ficar no tusca, vale a pena conferir https://t.co/6g5cXYHPId",
547,leo_napolis,,2022-09-12 15:34:03+00:00,"eu no segundo dia do eduni: nossa aloja n da pra ficar mais n

eu hj: fechei aloja pros 4 dias de Tusca",
548,isadora,,2022-09-12 15:25:57+00:00,alguÃ©m me da moradia no tusca,
549,ğ¥ğğ¨,"Santa Catarina, Brasil",2022-09-12 15:24:12+00:00,"@Lunabeww @JosAvel63076850 @cassiajonice @xlxnzim que esquedomachos sÃ£o esses? podem haver 90 homens e 10 mulheres, mas querer apagar a existÃªncia e falta de senso sim, se esquerdomacho Ã© ter senso pois sim, melhor q ser uma tusca igual tu",
550,piu,,2022-09-12 15:14:32+00:00,"@Rdgodantas amigo simmm, na hora que eu vi o palco fiquei ""putss...""
se eu nÃ£o ficar completamente transtornado nesse tusca, eu nÃ£o saio nem de casa kkkkkk",
551,Queen B,"MaringÃ¡, Brasil",2022-09-12 15:14:04+00:00,Procuro amigas para ir pro tusca cmg,
552,Bolis,Sao Carlos,2022-09-12 15:07:50+00:00,RT @BotTusca: Faltam 61 dias para o inÃ­cio do TUSCA,
553,piu,,2022-09-12 15:05:37+00:00,"o palco da tusca de 2019 mais bonito que o palco do rock in rio
tudo..........",
554,pasteloncia,Fca unicamp,2022-09-12 15:05:02+00:00,Me coÃ§ando pra ir no Tusca,
555,Bot TUSCA 2022,Arena Tusca,2022-09-12 15:01:18+00:00,Faltam 61 dias para o inÃ­cio do TUSCA,
556,lua,NÃ£o existe amor em sp,2022-09-12 14:27:51+00:00,vivendo ou esperando o supertenda pra Carol me fazer passar toda vergonha que ela passou no tusca?,
557,sasa,"Brodowski, Brasil",2022-09-12 14:14:25+00:00,"@goncvi oie, tem vaga nessa pousada pro tusca?",
558,zignal,casa do caralho,2022-09-12 13:50:07+00:00,ouvindo todas de matheus e kauan pra conseguir sofrer no tusca,
559,Murilo ğŸ–ğŸ¿,,2022-09-12 12:07:03+00:00,"Semestre oficialmente iniciado, o que eu vou me dedicar e estudar de hoje atÃ© o TUSCA nÃ£o tÃ¡ escrito",
560,LÃª,,2022-09-12 03:38:16+00:00,roubaram minha caneca do tusca no entorta e agora preciso de uma p virac e n ACHO,
561,Reliquias,"Alfenas, Brasil",2022-09-12 03:34:00+00:00,Queria acordar e descobrir que do nada a Unifal vai jogar no Tusca ğŸ˜ª,
562,papa,"San Paolo, Brasile",2022-09-12 02:44:55+00:00,@HH_calipigia vai beijar amando no tusca?,
563,farofinha yoki,distante do perfeito,2022-09-12 02:29:25+00:00,"@m4teus_m0ur4 e tem q ter a comemoraÃ§Ã£o ta? PUTA QUE PARIU, se eu for pro tusca eu vo fica maluco",
564,Maria,,2022-09-12 02:08:47+00:00,A glÃ³ria grunge troca de figurino no TUSCA e essa senhora nÃ£o vai trocar de figurino no palco mundo sinceramente,
565,shape inexplicavel,,2022-09-12 01:57:19+00:00,ATE A menina da danÃ§a que ja teve filho ta se formando e eu to aqui COMPRANDO O TUSCA,
566,damires,SÃ£o Carlos,2022-09-12 01:15:07+00:00,e esse tusca que terÃ¡ Luisa sonza meus amores acho que vem aÃ­ hein,
567,helÃ´,sanca/sjc,2022-09-12 01:10:56+00:00,simplesmente o melhor show do tusca 2019,
568,gigi,,2022-09-12 01:09:45+00:00,show da ludmilla ruim desde o Ãºltimo tusca,
569,Lara,"UberlÃ¢ndia, Minas Gerais",2022-09-12 01:05:35+00:00,Tusca pelo amor de deus leva Ludmila,
570,Cansada & mal paga,,2022-09-12 00:54:40+00:00,"Vai, tusca, revela aÃ­ a Lud como atraÃ§Ã£o de pagode pra fazer o br feliz outra vez!",
571,dundler mifflin,Brasil,2022-09-12 00:53:35+00:00,queria a lud dnv no tusca q nem em 2019 ğŸ˜­ğŸ˜­,
572,Gabrielly,"Porto Alegre, Brasil",2022-09-12 01:20:13+00:00,A vontade Ã© ir sozinha q nem fui uma vez dura de tusca no G15 no baile kkkkkkkkkkkkkkkk peguei a lotaÃ§Ã£o nos bombeiro e o cara entrou junto comigo pra assaltar n sei como n me assaltou antes do lado dele ğŸ¤¡ vivi nÃ© meu Deus q me perdoe por isso hoje sou uma senhora!,
573,mistouaite,Guarulhos,2022-09-12 00:45:29+00:00,n troco show da Lud no inter nem pelos 10 shows do Tusca,
574,nao sou paga p isso,,2022-09-12 00:21:30+00:00,"ludmilla no Rock in rio 
olha tusca, nao Ã© por nada nao mas eu amo vc",
575,ed,,2022-09-11 23:53:25+00:00,"Mano, 
UÃ©
Todas as minhas irmÃ£s vÃ£o nos tusca",
576,torresminho,,2022-09-11 23:43:16+00:00,"assisti woodstock e pqp, nunca mais falo do cia ou tusca KKKKKK",
577,ansiedade,"Cotia, SÃ£o Paulo",2022-09-11 23:12:04+00:00,@gprgalvao as que a gente queria tÃ¡ tudo no tusca rs,
578,Jaozeraa7,"Bauru, Brasil",2022-09-11 23:00:15+00:00,Eu sÃ³ queria ir no tusca ğŸ˜£,
579,isa ğŸ« ,,2022-09-11 22:22:12+00:00,"que turma chata reclamando de bebida pro alto em rolÃª universitÃ¡rio KKKKKK imagina se for no tusca, entram em colapso",
580,jo,,2022-09-11 21:46:46+00:00,"Digo com tranquilidade, sÃ³ vou aguentar 4 dias de tusca pq paguei viu, meu corpo nÃ£o aguenta nÃ£o mas ele nÃ£o tem escolhas",
581,peÃ§onhentoh,"Lorena, Brasil",2022-09-11 21:39:10+00:00,"Se eu for no tusca vo ser a maior vagabunda da face da terra 

Espero nÃ£o comprar",
582,filÃ³sofo de bar,,2022-09-11 21:08:34+00:00,@Douglao999 sai dessa rua escura mlk bora pro tusca,
583,Dalesti,Brazil,2022-09-11 20:39:25+00:00,"Queria uma atraÃ§Ã£o muito top no tusca, pra me dar vontade de comprar o pacote hahahahaha pq atÃ© que tem umas ok",
584,rebecaralho,,2022-09-11 20:08:58+00:00,sofrido admitir mas o tusca ta deitando o inter em atraÃ§Ã£o,
585,animago do chupacu,"RibeirÃ£o Preto, Brasil",2022-09-11 17:50:09+00:00,Acho q vo vender o tusca,
586,MÃ£ozinha,,2022-09-11 17:35:51+00:00,"SÃ³ se vive uma vez...
Essa frase aÃ­ da vai em matar

Comprei o Tusca",
587,jo,,2022-09-11 15:18:11+00:00,"Se faÃ§o isso em fisio, imagina tusca",
588,justin is perfect change my mind,SÃ£o Paulo/Boituva,2022-09-11 15:15:57+00:00,"Sera que meus amigo sabem que eu abriria mÃ£o 100% do tusca pra ir pro show do Justin? Caso ele mudasse de data e fosse pra data do tusca, por exemploâ€¦ o que nÃ£o vai acontecer porque o tusca tÃ¡ logo aÃ­.",
589,Bot TUSCA 2022,Arena Tusca,2022-09-11 15:01:17+00:00,Faltam 62 dias para o inÃ­cio do TUSCA,
590,vi(ado)ğŸ§œğŸ»â€â™€ï¸,Teyvat,2022-09-11 14:39:26+00:00,gente contei pros meus pais da tusca e ganhei uma galocha KKKKKK eu amo o incentivo,
591,"segundo o cantor crazy frog em sua canÃ§Ã£o,",ela/dela,2022-09-11 14:33:24+00:00,comentei c meus pais q precisava comprar galocha pro tusca e eles apareceram com 5 galochas q tinham em casa p eu experimentar Â¿Â¿,
592,Marina Moraes ğŸ––ğŸ»,"Bauru, Brasil",2022-09-11 13:47:42+00:00,Ontem foi comprovado que eu nÃ£o consigo mais emendar um rolÃª de tarde cm um de noite. TÃ´ ficando preocupada cm o tusca kkkkk,
593,juu,,2022-09-11 13:43:37+00:00,@11Csss @Maria93596742 a tusca tambÃ©m me contou que jÃ¡ te vendia,
594,leo ğŸ,"SÃ£o Paulo, Brasil",2022-09-11 12:58:30+00:00,Pensando em ir no tusca esse ano,
595,Big Eric ğŸ¦š,"Denver, CO",2022-09-11 04:18:36+00:00,@MoraesCarolP Pelo menos eu vou ver LuÃ­sa Sonza e L7nnon no tusca ğŸ˜“ queria Post Malone lÃ¡,
596,fefo,Veni Vidi Vici,2022-09-11 03:18:40+00:00,Filipe Ret no Tusca vai distribuir marmita. Atitude muito foda!  ğŸ˜,
597,HATER MÃ‰DIO DO AT5,"SÃ£o Carlos, Brasil",2022-09-11 02:46:50+00:00,qndo vÃ£o anunciar a slipmami no palco mundo do tusca?????,
598,Giovane Moretto (Ayrton Senna),,2022-09-11 01:12:57+00:00,Segunda volto pra dieta para o projeto Tusca,
599,Dudu,,2022-09-11 01:03:00+00:00,Compro tusca lotes anteriores alguÃ©m me socorre ksksksksk,
600,ğ¶ğ‘ğ‘šğ‘–,na sua ,2022-09-11 00:59:03+00:00,"Ouvindo Matheus e kauan se preparando pro tusca, QUE SABOOOR",
601,rani beibe âœ¨â­ğŸŒŸ,,2022-09-11 00:49:45+00:00,"Ã” meu amor, nÃ£o sobrevivo a duas horas de Tusca na atual conjuntura ğŸ˜­ğŸ˜­ğŸ˜­ https://t.co/eh8WqCkHTw",
602,Davi colozio,,2022-09-11 00:29:54+00:00,"RT @luanabeatrizvaz: Vendo pacote tusca estudante 
Passo cartÃ£o mas tem taxa 

*NÃ£o sou golpista por favor alguÃ©m compraaaaaaa*",
603,engenha-nica // ğŸ“–: Misery,"SÃ£o Paulo, Brasil",2022-09-10 23:30:05+00:00,so quero comprar bailÃ£o passar minhas matÃ©rias (nÃ£o conto DM) e ir na 25 comprar coisas aleatorias pro tusca,
604,aang,,2022-09-10 22:33:59+00:00,@jonas_abib se nÃ£o vier no halloween da ies vai vir no tusca,
605,Habib ui ğŸ«°ğŸ½,"RibeirÃ£o Preto, Brasil",2022-09-10 22:25:13+00:00,@aridante__ Se n pintar pro tusca nem apareÃ§a,
606,Giulia Souza,"Campinas, Brasil",2022-09-10 20:21:11+00:00,"Meu colete do tusca pode estar escrito â€œÃ‰ sÃ³ cachaÃ§a, pinga e Giuliaâ€",
607,Giugiu,âŸ­âŸ¬,2022-09-10 19:02:16+00:00,Eu proponho vir a galera collector pro tusca aqui em sÃ£o carlos e a gnt faz uma troca de pc na praÃ§a #boicotecorreios,
608,luli,,2022-09-10 18:49:18+00:00,@anacaaroliny_ Ana c onde a gente vai ficar no tusca menina????? Precisamos ver isso ja,
609,marco,,2022-09-10 17:34:25+00:00,@ypazzynn Ã‰ OBRIGATÃ“RIO IR PRO TUSCA,
610,glitter and gold âœ¨,,2022-09-10 17:23:50+00:00,a Stezinha na 25 fazendo compras pras emuxinhas no tusca ğŸ˜ https://t.co/ZTRPB8EMBF,
611,jogador do botafofo,FUDERJ,2022-09-10 17:17:28+00:00,@ypazzynn SEGUNDO SEMESTRE? OBRIGAÃ‡ÃƒO IR NO TUSCA. MANDA BEM NAS PRIMEIRAS PROVAS QUE Ã‰ DALE,
612,aang,,2022-09-10 17:02:17+00:00,lia clark chame a pepita pra cantar chifrudo no tusca pelo amor de deus esse seria simplesmente o maior momento de todos,
613,Bolis,Sao Carlos,2022-09-10 16:56:07+00:00,"eu to MUITO ansiosa pra tusca
CHEGA LOGO CARALHOO",
614,Gabriela,SÃ£o JosÃ© dos Campos,2022-09-10 16:37:20+00:00,@_liribeiroo pq eu tenho jogos em nova friburgo na mesma Ã©poca (inclusive se souber de alguÃ©m que vai comprar o tusca me fala),
615,im so sick of bolsonar*,"SÃ£o Carlos, Brasil",2022-09-10 16:15:49+00:00,acabei de me tocar que comprei uma viagem NA SEMANA do halloween da ies e agora estou inconsolÃ¡vel pois vou perder o melhor evento sao carlense depois do tusca,
616,renan gurgel ğŸ©¸,"SÃ£o Paulo, Brasil",2022-09-10 16:14:41+00:00,"@daylimns Bora pro Tusca no interior, Day! Vai ter show dela e vai ser TUDO.",
617,Rafael,"Franca, Brasil",2022-09-10 15:49:56+00:00,@cgmeloo tusca 100% o melhor,
618,Oâ€™Gusta 29/10 ğŸ§Ÿâ€â™‚ï¸,"Ibitinga, Brasil",2022-09-10 15:27:44+00:00,"vou fazer excursÃ£o pro Tusca, O inter, Interfacul VerÃ£o e talvez fogo na roupa",
619,Bot TUSCA 2022,Arena Tusca,2022-09-10 15:01:07+00:00,Faltam 63 dias para o inÃ­cio do TUSCA,
620,juliÃ£o,,2022-09-10 14:24:07+00:00,@prado_julia SÃ³ nÃ£o te chamo pro tusca esse ano pq vamos pro Ãºltimo ju mineiro como unifalinos rsrs,
621,JÃºlia,"Minas Gerais, Brasil",2022-09-10 14:22:57+00:00,"@juliomendes97 KKKKKKKKKKKK amigo, as chances sÃ£o baixÃ­ssimassssssss! me chama pro tusca, mas nÃ£o me chama pro rock in rio pfvr",
622,MarceloJr,"SÃ£o Carlos, Brasil",2022-09-10 13:23:23+00:00,tira essa vontade de descolorir o cabelo pro tusca,
623,isa barros,,2022-09-10 12:26:41+00:00,@larelves bom dia comprei tusca rs,
624,Artur Barbedo,,2022-09-10 12:04:17+00:00,Kapi curte aqui se vai ter JoÃ£o Gomes no tusca pf,
625,Miguel Moraes,Narnia ,2022-09-10 11:34:54+00:00,"Eu ia pegar folga dia 14 e 15 por conta do tusca, sÃ³ que a gente vai trabalhar dia 19 que Ã© sÃ¡bado, mas dia 18 e 19 eu tenho aula, muito ruim eu tirar 4 folgas na semana?",
626,estela =estrela ou stella depende de vc!,"Ceara ,RibeirÃ£o preto e â€¦",2022-09-10 04:52:22+00:00,"Desculpa ,mas me vejo indo no tusca atÃ© os 98 anos https://t.co/BSdaz8CEnv",
627,nagalli he sent me the magic,"MaringÃ¡, Brasil",2022-09-10 04:21:29+00:00,"RT @JoaoGabrielSF2: Infelizmente acabou a competitividade. NÃ£o existe mais nenhum adversÃ¡rio a altura da @educauem no JUS. Talvez, a exemplâ€¦",
628,JuliÂª,,2022-09-10 04:11:34+00:00,"Moradores da Cidade de Seu Carlos, me contem as maiores atrocidades q vcs jÃ¡ presenciaram no TUSCA
Vou fazer um vÃ­deo falando como Ã© morar em SÃ£o Carlos",
629,Diogo,"Astorga, Brasil",2022-09-10 02:02:46+00:00,"RT @JoaoGabrielSF2: Infelizmente acabou a competitividade. NÃ£o existe mais nenhum adversÃ¡rio a altura da @educauem no JUS. Talvez, a exemplâ€¦",
630,Ricardo,?,2022-09-10 01:53:59+00:00,Surtei e comprei o tusca. Fodase,
631,Gustavox,,2022-09-10 00:56:12+00:00,"Rifar um anÃ£o pra conseguir ir no tusca, vÃ¡lido?",
632,Bergolino,"JaÃº, Brasil",2022-09-10 00:50:24+00:00,"Se o Tusca anunciar o JoÃ£o Gomes, serei muito mais feliz",
633,"Polissexus, o voluptuoso â˜­",,2022-09-09 23:58:33+00:00,@irmaodokaire_ @rogerioskylab Dai na volta ce ja vem pro tusca,
634,Faouzia's little bitch,ele/dele seke,2022-09-09 23:53:40+00:00,O Exxxpurgo de NÃ¡rnia vai ser na mesma semana do tusca ğŸ« ,
635,ZÃ© Luca ğŸ­,,2022-09-09 23:13:54+00:00,"NÃ£o paro de pensar nele:
JoÃ£o Gomes no Tusca",
636,Mands,Brazil,2022-09-09 23:04:45+00:00,Claramente ela tava voltando do Tusca https://t.co/CAuoJhRGiR,
637,isa,SumarÃ©,2022-09-09 22:58:11+00:00,parece q ta saindo do tusca ta ate com o chapeuzinho e toda suja de tinta https://t.co/zKZxmyXJ6n,
638,bru HEPTA FURIA,"MaringÃ¡, Brasil",2022-09-09 22:39:53+00:00,"RT @JoaoGabrielSF2: Infelizmente acabou a competitividade. NÃ£o existe mais nenhum adversÃ¡rio a altura da @educauem no JUS. Talvez, a exemplâ€¦",
639,Pogere,,2022-09-09 21:53:46+00:00,"RT @JoaoGabrielSF2: Infelizmente acabou a competitividade. NÃ£o existe mais nenhum adversÃ¡rio a altura da @educauem no JUS. Talvez, a exemplâ€¦",
640,Victor Tasso,,2022-09-09 20:42:31+00:00,"RT @luanabeatrizvaz: Vendo pacote tusca estudante 
Passo cartÃ£o mas tem taxa 

*NÃ£o sou golpista por favor alguÃ©m compraaaaaaa*",
641,Tusca,SÃ£o Carlos,2022-09-09 20:40:04+00:00,RT @BotTusca: Faltam 64 dias para o inÃ­cio do TUSCA,
642,miguÃ©,,2022-09-09 20:39:41+00:00,RT @BotTusca: Faltam 64 dias para o inÃ­cio do TUSCA,
643,Tibas,"Franca, Brasil",2022-09-09 20:31:11+00:00,"RT @luanabeatrizvaz: Vendo pacote tusca estudante 
Passo cartÃ£o mas tem taxa 

*NÃ£o sou golpista por favor alguÃ©m compraaaaaaa*",
644,Victor Kiessler,,2022-09-09 20:29:29+00:00,"RT @luanabeatrizvaz: Vendo pacote tusca estudante 
Passo cartÃ£o mas tem taxa 

*NÃ£o sou golpista por favor alguÃ©m compraaaaaaa*",
645,Giovane Moretto (Ayrton Senna),,2022-09-09 20:27:01+00:00,RolÃª agora sÃ³ no TuscağŸ™ğŸ¼,
646,FECHADO COM VP,"Franca, Brasil",2022-09-09 20:23:24+00:00,"RT @luanabeatrizvaz: Vendo pacote tusca estudante 
Passo cartÃ£o mas tem taxa 

*NÃ£o sou golpista por favor alguÃ©m compraaaaaaa*",
647,Luana Beatriste,,2022-09-09 20:19:21+00:00,"Vendo pacote tusca estudante 
Passo cartÃ£o mas tem taxa 

*NÃ£o sou golpista por favor alguÃ©m compraaaaaaa*",
648,Nesca,"Praia Grande, Brasil",2022-09-09 20:11:30+00:00,"@gabigraner_ Tava sÃ³ voltando do Tusca pÃ´, coisa rotineira",
649,Allanzinho,,2022-09-09 20:03:47+00:00,"@_Gsusss KKKKKKK AI VC JURA, mais barato ir pro tusca do que pro RiR kkk
SÃ³ a estadia no rio seria meu rim",
650,CabeÃ§a,,2022-09-09 18:43:44+00:00,"Infelizmente acabou a competitividade. NÃ£o existe mais nenhum adversÃ¡rio a altura da @educauem no JUS. Talvez, a exemplo da AustrÃ¡lia, que se mudou da Oceania para o futebol asiÃ¡tico em busca de maiores desafios, esteja na hora da FÃºria ir pra SP jogar o TUSCA. https://t.co/hx7aQEDotF",
651,LetÃ­cia,,2022-09-09 17:41:22+00:00,"Pensando sobre a fogo na roupa mÃªs que vem, queria mas nÃ£o sei pq tem tusca em novembro tambÃ©m",
652,Atraso em portuguÃªs,,2022-09-09 17:37:46+00:00,@vitor_vicente_ @GabicastaldiEtc Eu quero tusca ğŸ¥º,
653,Gelado,"Sao Paulo, Brazil",2022-09-09 16:40:45+00:00,"@vitor_vicente_ @GabicastaldiEtc Eu sou contra a ideia do Tusca, sou 100% team Inter",
654,twitch.tv/jogando1verde,,2022-09-09 16:25:40+00:00,@GabicastaldiEtc Mas ces nÃ£o quer vir pro tusca?,
655,all about ana,,2022-09-09 16:23:12+00:00,@renataderosis ja no TUSCA e no interbatuc rola tudo isso nÃ© mega limpo!!!,
656,twitch.tv/jogando1verde,,2022-09-09 16:16:15+00:00,Rodolfo desgraÃ§ado quer ir no inter e fazer minha decisÃ£o de ir no tusca ou inter ficar muito mais difÃ­cil,
657,vivis,ğŸ³ï¸â€ğŸŒˆ,2022-09-09 15:41:23+00:00,n vejo a hora d vender essa porra d tusca,
658,Helena,,2022-09-09 15:27:17+00:00,"Preciso vender o tusca urgentemente pra eu conseguir pagar minha praia, difÃ­cil ser pobre",
659,brisa ğŸš«ğŸš«ğŸš«ğŸš«,,2022-09-09 15:18:34+00:00,"@_Petunio NÃ£o falta muito pro Tusca chegar nesse preÃ§o aÃ­, rolÃª universitÃ¡rio tambÃ©m serÃ¡ sÃ³ para os estruturados, futuramente kkkkk",
660,HabibÃ£oğŸ«°ğŸ½ğŸ˜œ,"RibeirÃ£o Preto, Brasil",2022-09-10 22:25:13+00:00,@aridante__ Se n pintar pro tusca nem apareÃ§a,
661,Bot TUSCA 2022,Arena Tusca,2022-09-09 15:01:14+00:00,Faltam 64 dias para o inÃ­cio do TUSCA,
662,caio,ele/dele ,2022-09-09 14:57:46+00:00,tusca so ta apresentando bomba,
663,Rafael Alvarez,"Santos, Brasil",2022-09-09 14:33:50+00:00,"Estou vivo ainda apenas para: 
fim do semestre 
Bailao 
FÃ©rias 
Tusca 
Copa do Mundo",
664,soueuojao,,2022-09-09 13:40:42+00:00,"estou sedenta por um pacote tusca, mas nao quero pagar 600$ e nem cair em golpe",
665,vitorinha,Brasil,2022-09-09 13:27:23+00:00,comentei com meu tio sobre o tusca e ele disse que dps conversava comigo mas atÃ© agora nadaaa ğŸ¥ºğŸ¥ºğŸ¥º,
666,Gabriela,SÃ£o JosÃ© dos Campos,2022-09-09 13:00:49+00:00,pelo amor de deus alguÃ©m compra o meu tusca,
667,ğ’¦ğ’¶ğ“‡ğ‘œğ“,,2022-09-09 12:01:53+00:00,"Vender o Tusca pra ir no liu, serÃ¡ uma boa opÃ§Ã£o? ğŸ¥µ",
668,ghi,,2022-09-09 09:12:21+00:00,mano os cara me confirmar o ret no tusca Ã© de cair o cu da bunda de vdd,
669,Yasuke,"Sao Paulo, Brazil",2022-09-09 04:36:46+00:00,Nem preciso falar o quÃ£o errado Ã© ir no tusca nÃ©? Literalmente erro da vida,
670,â˜¾ ğ•Ÿğ•’,"SÃ£o Paulo, Brasil",2022-09-09 03:37:08+00:00,sÃ³ quero saber qual vai ser a atraÃ§Ã£o de pagode no tusca,
671,camaleoa,,2022-09-09 02:51:18+00:00,"QualÃ© inter vamo se mexer, o tusca ta anos luz na sua frente nas atraÃ§Ãµes ğŸ˜«",
672,"Prazer, Camula",,2022-09-09 02:51:05+00:00,nao sei se vou ter a pachorra de levar droga pro tusca mas se me oferecerem n recusarei nem fudendo HAHAHAH,
673,pedro fittipaldi,PÃ¡lido Ponto Azul ,2022-09-09 02:42:41+00:00,depois toma chinelada no tusca e ainda quer reclamar https://t.co/K68BcHEElp,
674,mvl,,2022-09-09 02:30:14+00:00,"Lembrando que meu pai queria que eu levasse a galocha dele pro tusca, detalhe que o bico da bota Ã© o solado da galocha de AÃ‡O. 
Se eu chutar o pÃ© de alguÃ©m ou pisar no dedo, eu amputo na hora o pÃ© da pessoa kkkkkkkkk vai ser sÃ³ choro e vela",
675,mistouaite,Guarulhos,2022-09-09 01:12:47+00:00,"seguinte, o Tusca vai anunciar um pagode daqui 5 dias e dependendo qm for eu vendo o inter fodase ngm anuncia nada la",
676,Natalie Del Pilar,,2022-09-09 00:43:45+00:00,@lpolatinho MINHA AMIGA VENDE TUSCA NO PREÃ‡INHO LOTES ANTERIORES ğŸ—£ğŸ—£ğŸ—£ğŸ—£ğŸ—£ğŸ—£ğŸ‘ğŸ—£ğŸ‘ğŸ‘ğŸ‘,
677,Portu,,2022-09-08 23:50:56+00:00,pensando em vender o tusca,
678,breno,,2022-09-08 23:44:03+00:00,@alexcxandre vem pro tusca amor,
679,lupersio venancio,,2022-09-08 23:05:03+00:00,queria o dilsinho no tusca,
680,Giovanni Stoppa,,2022-09-08 22:50:56+00:00,Pagode no Tusca vai ser Turma do Pagode ou Menos Ã© Mais,
681,gabriela,"RibeirÃ£o Preto, Brasil",2022-09-08 22:48:03+00:00,nossa eu sÃ³ queria xamÃ£ no tusca desse ano sÃ³ isso mais nadağŸ¥º,
682,Cururu do choquinho âš¡ï¸,"SÃ£o Carlos, Brasil",2022-09-08 22:46:29+00:00,Amo q rivalidade sÃ³ no tusca vida real eu amo beijar caaso e troco fornecedor com os amigos da usp â¤ï¸,
683,Acre,"SÃ£o Carlos, Brasil",2022-09-08 22:04:02+00:00,@leleodotuiter Amigo tusca ta trazendo tasha e tracie as gays jÃ¡ tem mais qfe o necessÃ¡rio,
684,Acre,"SÃ£o Carlos, Brasil",2022-09-08 22:02:25+00:00,@leleodotuiter Ela jÃ¡ vai no tusca entÃ£o acho improvÃ¡vel,
685,tÃ­cia,,2022-09-08 21:59:33+00:00,serÃ¡ q vendo meu tusca p comprar dnv mais barato,
686,Mamari ğŸŒŠ,âœ©ğ’‚ğ’• ğ’•ğ’‰ğ’† ğ’ğ’‘ğ’†ğ’“ğ’‚ âœ©,2022-09-08 21:53:18+00:00,Dei comida pra tusca ğŸ¥ºğŸ¤,
687,morgs,jaguariÃºna ,2022-09-08 21:50:54+00:00,do jeito q ta as atraÃ§Ãµes jaja vendo meu tusca tnc,
688,Bot de cadeira,bot,2022-09-08 21:37:42+00:00,RT @henriqsqs: serÃ¡ que no tusca tem cadeira pra eu sentar e assistir o show? tem sala privativa????? nÃ£o quero passar perrengue!! https://â€¦,
689,henriq,"SÃ£o Paulo, Brasil",2022-09-08 21:37:36+00:00,serÃ¡ que no tusca tem cadeira pra eu sentar e assistir o show? tem sala privativa????? nÃ£o quero passar perrengue!! https://t.co/fUvqRQXqAI,
690,Acre,"SÃ£o Carlos, Brasil",2022-09-08 21:35:23+00:00,A ies pisa tanto no tusca eita como atrai,
691,mazutti,"SÃ£o Carlos, Brasil",2022-09-08 20:56:28+00:00,"@clarzp nossa amassaram pqp
surra no line do tusca ja",
692,churchinha #teamdeolane âš–ï¸,ura-aqa,2022-09-08 20:33:53+00:00,"se esse for o mesmo setlist do tusca eu vou surtar, coitadas da star e da laurinha q vÃ£o estar cmg  #GloriaGrooveNoRockInRio
#GloriaGrooveNoMultishow",
693,contraÃ§ao lantanidica,morra,2022-09-08 20:24:36+00:00,sempre q eu falo do tusca com os amigo eu fico mais ansioso meu deus do ceuuuuuuuu como vou aguentar,
694,HATER MÃ‰DIO DO AT5,"SÃ£o Carlos, Brasil",2022-09-08 20:23:09+00:00,qndo vao anunciar a letrux no palco mundo do tusca????,
695,madu,027,2022-09-08 20:22:25+00:00,serio mesmo que tusca nao vai anunciar o matue?,
696,alecx â˜•,Brasil,2022-09-08 20:15:21+00:00,"jÃ¡ me chamaram de feio mas de ""cara de tusca"" foi a primeira vez",
697,kerolyn Ã© lula 13,"Votorantim, Brasil",2022-09-08 20:12:24+00:00,finalmente tusca vai anunciar atraÃ§Ã£o de pagode,
698,Cansada & mal paga,,2022-09-08 20:08:14+00:00,Eu jÃ¡ tÃ´ pronta pro show da Lady Leste no tusca!!!,
699,gabriela,,2022-09-08 19:55:33+00:00,me preparando psicologicamente pra meter o tusca e o bloquim no meu cartao,
700,ğ‘™ğ‘¢ğ‘‘,jacarei | sÃ£o carlos,2022-09-08 19:54:35+00:00,"alÃ©m de ficar ansiosa pro tusca tenho que ficar ansiosa pra divulgaÃ§Ã£o das atraÃ§Ãµes 
eh mole",
701,"errei vida, fui mlk",Santo AndrÃ© ,2022-09-08 19:50:06+00:00,Vai ter Pitty no Tusca pqp,
702,tavora,"Itatiba, Brasil",2022-09-08 19:21:08+00:00,Que tusca o que vo compra uma moto,
703,ana bÃª,mg | sp,2022-09-08 18:58:30+00:00,Vou vender o tusca pra aguentar fazer tudo q preciso fazer vai ser o jeito,
704,lucas,"Santa AdÃ©lia, Brasil",2022-09-08 18:13:55+00:00,ngm quer um tusca aÃ­ nÃ£o na moral preÃ§o de lotes anteriores,
705,Treineiro Ainda,,2022-09-08 18:02:08+00:00,"@azarzinho Aqui em Bloomington IN tem uma corrida universitÃ¡ria de bicicleta que atrai 25 mil pessoas, e eles dizem ser ""The World's Greatest College Weekend"". Qdo li isso eu caÃ­ na gargalhada, pensando ""heushsuhe tadin sabem nem o q Ã© TUSCA e INTERUNESP"".",
706,ridin my pony,,2022-09-08 18:00:06+00:00,vocÃªs aÃ­ pagando 600 conto na tusca https://t.co/39xHbkh7F0,
